"","lhs","op","rhs","est.std","se","z","pvalue","ci.lower","ci.upper"
"1","comf_saf","=~","Q8_8",0.446198193104812,0.0247987824364934,17.9927459845043,0,0.397593472668841,0.494802913540784
"2","comf_saf","=~","Q8_9",0.567506283266922,0.0216501448466351,26.2125859797712,0,0.525072779107442,0.609939787426402
"3","comf_saf","=~","Q8_10",0.758616623237615,0.0159346974609827,47.6078460287773,0,0.727385190109547,0.789848056365683
"4","comf_saf","=~","Q8_11",0.797590340367367,0.0148690579131267,53.6409465231309,0,0.768447522373598,0.826733158361135
"5","comf_saf","=~","Q8_12",0.526540123825661,0.0227854387537023,23.1086234290795,0,0.481881484496461,0.57119876315486
"6","comf_saf","=~","Q8_15",0.535395458581995,0.0225458602672798,23.7469518676562,0,0.491206384457654,0.579584532706336
"7","ex_env","=~","Q8_1",0.776330115461088,0.0198499663580499,39.1098957780479,0,0.737424896304978,0.815235334617198
"8","ex_env","=~","Q8_2",0.681918281848827,0.0212040481305538,32.1598157884873,0,0.640359111186488,0.723477452511166
"9","ex_env","=~","Q8_3",0.507282989329796,0.0249316936166167,20.346912533519,0,0.45841776776764,0.556148210891952
"10","ex_env","=~","Q8_13",0.44821152465239,0.0262427659471301,17.0794315490744,0,0.3967766485413,0.499646400763479
"11","MAX_attitude","=~","Q34_1",0.716523451975735,0.0155462345087024,46.0898394125369,0,0.686053392243465,0.746993511708006
"12","MAX_attitude","=~","Q34_2",0.873275447435705,0.0103188961124127,84.6287662868546,0,0.853050782695166,0.893500112176244
"13","MAX_attitude","=~","Q34_3",0.808813514618349,0.0122966801803902,65.7749492345245,0,0.784712464335377,0.832914564901322
"14","MAX_attitude","=~","Q34_4",0.73689583109047,0.0148142715992782,49.7422925016694,0,0.707860392298691,0.76593126988225
"15","bike_attitude","=~","Q21_1",0.672303029476626,0.0186264123652087,36.0940698774815,0,0.635795932079626,0.708810126873627
"16","bike_attitude","=~","Q21_2",0.537984342211685,0.0226148116986847,23.7890259436905,0,0.493660125765108,0.582308558658262
"17","bike_attitude","=~","Q21_3",0.708564654494707,0.0174872495195012,40.5189308761529,0,0.674290275247819,0.742839033741594
"18","bike_attitude","=~","Q21_4",0.442033314671791,0.0250333095522304,17.6578056428981,0,0.392968929535576,0.491097699808005
"19","bike_attitude","=~","Q21_8",0.419089184099697,0.0255474398047727,16.4043515632985,0,0.369017122185138,0.469161246014257
"20","bike_attitude","=~","Q21_9",0.612977069756366,0.020454977583,29.9671347606759,0,0.572886050389112,0.65306808912362
"21","bike_attitude","=~","Q21_10",0.65476161787651,0.019174268262247,34.1479324749876,0,0.617180742652596,0.692342493100423
"22","car_attitude","=~","Q15_1",0.572291055314395,0.0234661109797533,24.3879804288052,0,0.526298322936859,0.618283787691932
"23","car_attitude","=~","Q15_2",0.654940575232945,0.0214245979765583,30.5695619562872,0,0.612949134815641,0.696932015650249
"24","car_attitude","=~","Q15_4",0.640414742494497,0.021775224798442,29.4102471236172,0,0.597736086134287,0.683093398854707
"25","car_attitude","=~","Q15_6",0.598595072399607,0.0228093619065311,26.2433940437505,0,0.553889544552466,0.643300600246748
"26","car_attitude","=~","Q15_8",0.566375079526731,0.0236132912181296,23.985435757125,0,0.520093879182741,0.612656279870721
"27","escooter_attitude","=~","Q28_1",0.737824279721168,0.0162231254965361,45.4797862396308,0,0.706027538031284,0.769621021411053
"28","escooter_attitude","=~","Q28_2",0.610183103760634,0.0202768363647366,30.0926186306757,0,0.570441234765338,0.64992497275593
"29","escooter_attitude","=~","Q28_3_r",0.409642284545186,0.0255395620507924,16.0395187564493,0,0.359585662744707,0.459698906345665
"30","escooter_attitude","=~","Q28_4",0.415782405176921,0.0254065260187069,16.3651813266709,0,0.365986529207976,0.465578281145867
"31","escooter_attitude","=~","Q28_8",0.627004855619571,0.0197596950097946,31.7315047276172,0,0.588276565054878,0.665733146184264
"32","escooter_attitude","=~","Q28_9",0.477870229026404,0.0239566599401791,19.9472810575293,0,0.430916038353779,0.524824419699028
"33","escooter_attitude","=~","Q28_10",0.738201377441496,0.0162110966585354,45.5367945174037,0,0.706428211840869,0.769974543042123
"34","escooter_attitude","=~","Q28_11",0.592270888816026,0.0208169902073102,28.4513218730362,0,0.551470337743175,0.633071439888877
"35","Q35_2","~","comf_saf",-0.125866816467836,0.0312329839039013,-4.02993248596122,5.57928752455972e-05,-0.187082340049202,-0.06465129288647
"36","Q35_2","~","ex_env",0.0715193280407056,0.0337580055614612,2.11858866811591,0.0341252442321816,0.00535485295033877,0.137683803131072
"37","Q35_2","~","car_attitude",-0.0655094440587075,0.0302966275402528,-2.16226852218684,0.0305974845488919,-0.124889742890627,-0.00612914522678769
"38","Q35_2","~","MAX_attitude",-0.0711228942183785,0.0278129655823343,-2.55718484991594,0.010552312642337,-0.125635305063006,-0.0166104833737513
"39","Q35_2","~","bike_attitude",0.432608269294965,0.0290599579787247,14.88674793032,0,0.375651798264418,0.489564740325513
"40","Q35_2","~","escooter_attitude",-0.0104888459080426,0.0274552569980328,-0.382034155017893,0.702436030576949,-0.0643001608104782,0.043322468994393
"41","Q35_2","~","RECODED_Q63_am_ind_ala",0.00519166212373603,0.0228827981050813,0.226880563290168,0.820516616221579,-0.0396577980277247,0.0500411222751968
"42","Q35_2","~","RECODED_Q63_asian",0.00874329362875625,0.0241388541639157,0.362208312349237,0.71719636835115,-0.0385679911605832,0.0560545784180957
"43","Q35_2","~","RECODED_Q63_black",-0.00168408920519678,0.0226474301025517,-0.0743611614020185,0.940723011918903,-0.0460722365485863,0.0427040581381928
"44","Q35_2","~","RECODED_Q63_hisp_lat",-0.0255974720416882,0.0239289416247298,-1.06972855060309,0.284741511223832,-0.0724973358143199,0.0213023917309435
"45","Q35_2","~","RECODED_Q63_more_than_one_race",0.0373060085823327,0.0233664486577194,1.59656305195562,0.110363140455218,-0.00849138923340151,0.0831034063980669
"46","Q35_2","~","RECODED_Q63_nat_haw_pac",-0.0363681089334601,0.0226151179320728,-1.6081326236147,0.107806135556852,-0.0806929255864486,0.0079567077195285
"47","Q35_2","~","RECODED_Q63_other",-0.00970185597560353,0.0226581805276667,-0.428183364668541,0.668517626687244,-0.0541110737650369,0.0347073618138299
"48","Q35_2","~","Q65_female",-0.0874706690239682,0.0238309922698196,-3.67045853708509,0.000242115743519289,-0.134178555588667,-0.0407627824592693
"49","Q35_2","~","Q65_nonbinary",-0.0207059633919257,0.0239526660319623,-0.864453391714134,0.38733887354071,-0.0676523261482878,0.0262403993644363
"50","Q35_2","~","Q65_other",-0.00385732938599678,0.0232703237851844,-0.165761741074383,0.86834445571727,-0.0494663259135439,0.0417516671415504
"51","Q35_2","~","Q68_inc_2",0.0343170799282945,0.02530513795065,1.35613091678139,0.175057517535425,-0.0152800790787973,0.0839142389353863
"52","Q35_2","~","Q68_inc_3",0.0209174880835304,0.0261156232064086,0.800956880033307,0.423156609269666,-0.0302681928348488,0.0721031690019096
"53","Q35_2","~","Q68_inc_4",0.00453773446069838,0.0251056080633717,0.180745849662123,0.856567068607769,-0.0446683531534886,0.0537438220748854
"54","Q35_2","~","Q68_inc_5",0.0165239994846442,0.0239053680734665,0.691225478472548,0.489423854822768,-0.0303296609765237,0.0633776599458122
"55","Q35_2","~","Q68_inc_6",-0.0289797881606885,0.0253056160279465,-1.14519196563658,0.25212964579964,-0.0785778841820632,0.0206183078606862
"56","Q35_2","~","Q11",-0.024270858428094,0.0241205699289159,-1.00623071924175,0.314304598257948,-0.071546306775349,0.0230045899191611
"57","Q35_2","~","Q64",0.0174643550049478,0.0294674553820198,0.592665867430277,0.553404788546044,-0.0402907962598521,0.0752195062697476
"58","Q35_2","~","Q66",-0.0232324602292808,0.0283054203084911,-0.820777786589219,0.411772853667423,-0.078710064601192,0.0322451441426303
"59","Q35_2","~","Q67",0.0206538980709504,0.0256575429101515,0.804983475747347,0.420829215385169,-0.0296339619647374,0.0709417581066383
"60","Q35_2","~","Q69",0.0695700847829292,0.0239147414079736,2.90908789671183,0.00362484931337059,0.0226980529237123,0.116442116642146
"61","Q35_2","~","Q70",-0.0549469855990754,0.0244491302347277,-2.24740042167342,0.0246144480912498,-0.102866400312471,-0.00702757088567985
"62","Q35_2","~","Q5",0.105366898914946,0.0273433837699708,3.85346962911965,0.00011645571458474,0.0517748515103458,0.158958946319545
"63","Q35_2","~","Q7_4",-0.106457751660626,0.0277299982904055,-3.83908251799134,0.000123494923655931,-0.160807549601178,-0.0521079537200735
"64","Q35_2","~","RECODED_Q6_activetransport",-0.0184567546955032,0.0334973799840649,-0.550990994050378,0.581639848251406,-0.0841104130407233,0.047196903649717
"65","Q35_2","~","RECODED_Q6_other",-0.0322917120590021,0.0242124315223158,-1.33368315483886,0.182307717708421,-0.0797472058208834,0.0151637817028792
"66","Q35_2","~","RECODED_Q6_publictransit",-0.0520601306902094,0.0327664124243463,-1.58882608251392,0.112099662961418,-0.116281118944514,0.012160857564095
"67","Q35_2","~","Q13",-0.0200160525497949,0.0278352909539544,-0.719089036392893,0.472086062050196,-0.0745722203187391,0.0345401152191493
"68","Q35_2","~","Q17",0.291937669169719,0.0219283644993209,13.3132440943674,0,0.248958864511184,0.334916473828255
"69","Q35_2","~","Q23",-0.0380623445091388,0.0230372352066539,-1.65220974512363,0.0984918005358058,-0.0832144958175586,0.00708980679928106
"70","Q35_2","~","Q30",-0.0683734888464836,0.0271071633375411,-2.5223402388177,0.0116576890853566,-0.121502552711109,-0.0152444249818586
"71","Q35_2","~1","",0.914601509701924,0.18915740829218,4.83513449438466,1.3305564336985e-06,0.543859802040312,1.28534321736354
"72","Q8_8","~~","Q8_8",0.80090717247,0.0221303440653883,36.1904528055943,0,0.75753249513636,0.844281849803641
"73","Q8_9","~~","Q8_9",0.677936618452564,0.0245731867227583,27.5884697455498,0,0.62977405749058,0.726099179414548
"74","Q8_10","~~","Q8_10",0.424500818947559,0.0241766530311381,17.5582955341596,0,0.377115449739807,0.471886188155311
"75","Q8_11","~~","Q8_11",0.363849648952668,0.0237188336258335,15.3401155677562,0,0.317361589290737,0.410337708614599
"76","Q8_12","~~","Q8_12",0.722755498001658,0.0239948953908192,30.1212189605208,0,0.675726367222846,0.76978462878047
"77","Q8_15","~~","Q8_15",0.713351702929775,0.0241419027480778,29.5482800330049,0,0.666034443025274,0.760668962834276
"78","Q8_1","~~","Q8_1",0.397311551828174,0.0308202536052026,12.8912486223379,0,0.336904964767586,0.457718138888762
"79","Q8_2","~~","Q8_2",0.534987456880344,0.0289188555903771,18.4996067776058,0,0.47830754144909,0.591667372311597
"80","Q8_3","~~","Q8_3",0.742663968736626,0.0252948484102314,29.3602854103774,0,0.693086976858173,0.79224096061508
"81","Q8_13","~~","Q8_13",0.79910642916878,0.0235246201763882,33.9689407598107,0,0.752999020873075,0.845213837464486
"82","Q34_1","~~","Q34_1",0.486594142768776,0.0222784833042627,21.8414393889944,0,0.442929117862244,0.530259167675308
"83","Q34_2","~~","Q34_2",0.237389992905969,0.0180224770615894,13.1718848688069,0,0.202066586953055,0.272713398858884
"84","Q34_3","~~","Q34_3",0.345820698570713,0.0198914419029517,17.3854012322453,0,0.306834188840357,0.384807208301069
"85","Q34_4","~~","Q34_4",0.456984534121485,0.0218331498060935,20.9307652894839,0,0.414192346832474,0.499776721410496
"86","Q21_1","~~","Q21_1",0.54800863655655,0.0250451869516116,21.8807964027311,0,0.498920972145319,0.597096300967782
"87","Q21_2","~~","Q21_2",0.71057284753506,0.0243328293714541,29.2022286717164,0,0.662881378325052,0.758264316745069
"88","Q21_3","~~","Q21_3",0.497936130400797,0.0247816938356877,20.0929013852849,0,0.449364903006951,0.546507357794643
"89","Q21_4","~~","Q21_4",0.80460654872027,0.0221311135670964,36.3563517163694,0,0.761230363190995,0.847982734249544
"90","Q21_8","~~","Q21_8",0.82436425577065,0.0214133117615099,38.4977468666212,0,0.782394935928363,0.866333575612937
"91","Q21_9","~~","Q21_9",0.6242591119529,0.0250768646717333,24.8938262468101,0,0.575109360351117,0.673408863554682
"92","Q21_10","~~","Q21_10",0.571287223755736,0.0251091497119079,22.7521533110619,0,0.522074194637972,0.6205002528735
"93","Q15_1","~~","Q15_1",0.672482948007136,0.0268588907683654,25.0376292083957,0,0.619840489436444,0.725125406577827
"94","Q15_2","~~","Q15_2",0.571052842913539,0.0280636769984929,20.3484683402038,0,0.516049046722728,0.62605663910435
"95","Q15_4","~~","Q15_4",0.589868957595707,0.027890350266344,21.1495715171249,0,0.535204875557466,0.644533039633948
"96","Q15_6","~~","Q15_6",0.641683939298909,0.0273071432410965,23.4987575827117,0,0.588162922025684,0.695204956572135
"97","Q15_8","~~","Q15_8",0.679219269291089,0.0267479592659096,25.3933117864718,0,0.626794232469962,0.731644306112216
"98","Q28_1","~~","Q28_1",0.455615332253939,0.0239396320912024,19.0318435353639,0,0.408694515552043,0.502536148955835
"99","Q28_2","~~","Q28_2",0.627676579885039,0.0247451655449879,25.3656246002434,0,0.579176946625381,0.676176213144697
"100","Q28_3_r","~~","Q28_3_r",0.832193198712601,0.020924169511262,39.7718627859848,0,0.791182580064116,0.873203817361086
"101","Q28_4","~~","Q28_4",0.827124991545295,0.0211271730591749,39.1498185407298,0,0.785716493254167,0.868533489836422
"102","Q28_8","~~","Q28_8",0.606864911029481,0.0247788497527065,24.4912462477478,0,0.558299257935847,0.655430564123115
"103","Q28_9","~~","Q28_9",0.771640044210253,0.0228963492860056,33.7014444779581,0,0.726764024232232,0.816516064188273
"104","Q28_10","~~","Q28_10",0.455058726343478,0.023934107635498,19.0129806915615,0,0.408148737375796,0.501968715311159
"105","Q28_11","~~","Q28_11",0.649215194261075,0.0246585946961703,26.3281505803695,0,0.60088523674721,0.697545151774939
"106","Q35_2","~~","Q35_2",0.622488193608759,0.0222607647973777,27.9634684286358,0,0.578857896337582,0.666118490879937
"107","comf_saf","~~","comf_saf",1,0,NA,NA,1,1
"108","ex_env","~~","ex_env",1,0,NA,NA,1,1
"109","MAX_attitude","~~","MAX_attitude",1,0,NA,NA,1,1
"110","bike_attitude","~~","bike_attitude",1,0,NA,NA,1,1
"111","car_attitude","~~","car_attitude",1,0,NA,NA,1,1
"112","escooter_attitude","~~","escooter_attitude",1,0,NA,NA,1,1
"113","comf_saf","~~","ex_env",0.381054375758479,0.0311516588359976,12.2322338519626,0,0.319998246381245,0.442110505135714
"114","comf_saf","~~","MAX_attitude",-0.214842651444292,0.0309422477135463,-6.94334340004122,3.82938125653709e-12,-0.27548834256356,-0.154196960325025
"115","comf_saf","~~","bike_attitude",-0.0301259077238924,0.0336888094878806,-0.894240793362855,0.371193070375213,-0.0961547610021697,0.0359029455543848
"116","comf_saf","~~","car_attitude",0.219619631850041,0.0336485223275745,6.52687299941447,6.71569466703659e-11,0.153669739955003,0.285569523745079
"117","comf_saf","~~","escooter_attitude",0.0564289296297229,0.0330540938649332,1.70716915914576,0.087790615578232,-0.00835590388715247,0.121213763146598
"118","ex_env","~~","MAX_attitude",0.097240034920682,0.033460840396089,2.90608465805442,0.00365982415548394,0.0316579928519046,0.162822076989459
"119","ex_env","~~","bike_attitude",0.309205617543014,0.032853727457776,9.41158405664651,0,0.244813494967879,0.37359774011815
"120","ex_env","~~","car_attitude",-0.143491591129685,0.0360464212492675,-3.9807444444322,6.86997768375441e-05,-0.214141278549808,-0.072841903709561
"121","ex_env","~~","escooter_attitude",0.194149226446457,0.0337358501703104,5.75498247313536,8.66507843255704e-09,0.128028175124809,0.260270277768105
"122","MAX_attitude","~~","bike_attitude",0.375232338077883,0.0288140310898928,13.0225561604778,0,0.318757874892276,0.43170680126349
"123","MAX_attitude","~~","car_attitude",-0.22530340994648,0.0323930110625881,-6.95530926443239,3.51785267582727e-12,-0.28879254497996,-0.161814274913
"124","MAX_attitude","~~","escooter_attitude",0.105075614152775,0.0317247264211056,3.31210465798913,0.00092596898224806,0.0428962929480214,0.167254935357528
"125","bike_attitude","~~","car_attitude",-0.198057059978856,0.0343168108535355,-5.77142965947987,7.86017695375563e-09,-0.265316773316058,-0.130797346641653
"126","bike_attitude","~~","escooter_attitude",0.24470304513127,0.0319535414124315,7.65808840944523,1.88737914186277e-14,0.182075254784395,0.307330835478145
"127","car_attitude","~~","escooter_attitude",0.165028485886122,0.0340254956410719,4.85014201194817,1.23373111615699e-06,0.0983397398734968,0.231717231898748
"128","RECODED_Q63_am_ind_ala","~~","RECODED_Q63_am_ind_ala",1,0,NA,NA,1,1
"129","RECODED_Q63_am_ind_ala","~~","RECODED_Q63_asian",-0.026183503108063,0,NA,NA,-0.026183503108063,-0.026183503108063
"130","RECODED_Q63_am_ind_ala","~~","RECODED_Q63_black",-0.00928212667934547,0,NA,NA,-0.00928212667934547,-0.00928212667934547
"131","RECODED_Q63_am_ind_ala","~~","RECODED_Q63_hisp_lat",-0.0243521875668893,0,NA,NA,-0.0243521875668893,-0.0243521875668893
"132","RECODED_Q63_am_ind_ala","~~","RECODED_Q63_more_than_one_race",-0.0257534074972496,0,NA,NA,-0.0257534074972496,-0.0257534074972496
"133","RECODED_Q63_am_ind_ala","~~","RECODED_Q63_nat_haw_pac",-0.00521702198382228,0,NA,NA,-0.00521702198382228,-0.00521702198382228
"134","RECODED_Q63_am_ind_ala","~~","RECODED_Q63_other",-0.0071626181461224,0,NA,NA,-0.0071626181461224,-0.0071626181461224
"135","RECODED_Q63_am_ind_ala","~~","Q65_female",0.00179859733867975,0,NA,NA,0.00179859733867975,0.00179859733867975
"136","RECODED_Q63_am_ind_ala","~~","Q65_nonbinary",0.047927347616971,0,NA,NA,0.047927347616971,0.047927347616971
"137","RECODED_Q63_am_ind_ala","~~","Q65_other",-0.00521702198382228,0,NA,NA,-0.00521702198382228,-0.00521702198382228
"138","RECODED_Q63_am_ind_ala","~~","Q68_inc_2",-0.0282881558579743,0,NA,NA,-0.0282881558579743,-0.0282881558579743
"139","RECODED_Q63_am_ind_ala","~~","Q68_inc_3",-0.0204322763332218,0,NA,NA,-0.0204322763332218,-0.0204322763332218
"140","RECODED_Q63_am_ind_ala","~~","Q68_inc_4",0.0389256640283864,0,NA,NA,0.0389256640283864,0.0389256640283864
"141","RECODED_Q63_am_ind_ala","~~","Q68_inc_5",-0.0105296980137348,0,NA,NA,-0.0105296980137348,-0.0105296980137348
"142","RECODED_Q63_am_ind_ala","~~","Q68_inc_6",-0.0113442725104278,0,NA,NA,-0.0113442725104278,-0.0113442725104278
"143","RECODED_Q63_am_ind_ala","~~","Q11",-0.0356273411216704,0,NA,NA,-0.0356273411216704,-0.0356273411216704
"144","RECODED_Q63_am_ind_ala","~~","Q64",0.0448160746987252,0,NA,NA,0.0448160746987252,0.0448160746987252
"145","RECODED_Q63_am_ind_ala","~~","Q66",-0.0199805306241929,0,NA,NA,-0.0199805306241929,-0.0199805306241929
"146","RECODED_Q63_am_ind_ala","~~","Q67",0.127265933221374,0,NA,NA,0.127265933221374,0.127265933221374
"147","RECODED_Q63_am_ind_ala","~~","Q69",-0.0419411669308771,0,NA,NA,-0.0419411669308771,-0.0419411669308771
"148","RECODED_Q63_am_ind_ala","~~","Q70",0.0801381977141221,0,NA,NA,0.0801381977141221,0.0801381977141221
"149","RECODED_Q63_am_ind_ala","~~","Q5",-0.0359138480911883,0,NA,NA,-0.0359138480911883,-0.0359138480911883
"150","RECODED_Q63_am_ind_ala","~~","Q7_4",0.129503553725278,0,NA,NA,0.129503553725278,0.129503553725278
"151","RECODED_Q63_am_ind_ala","~~","RECODED_Q6_activetransport",-0.0292756474111705,0,NA,NA,-0.0292756474111705,-0.0292756474111705
"152","RECODED_Q63_am_ind_ala","~~","RECODED_Q6_other",-0.0101875207481408,0,NA,NA,-0.0101875207481408,-0.0101875207481408
"153","RECODED_Q63_am_ind_ala","~~","RECODED_Q6_publictransit",-0.0251866701217067,0,NA,NA,-0.0251866701217067,-0.0251866701217067
"154","RECODED_Q63_am_ind_ala","~~","Q13",0.0426776158464341,0,NA,NA,0.0426776158464341,0.0426776158464341
"155","RECODED_Q63_am_ind_ala","~~","Q17",-0.0177613256644129,0,NA,NA,-0.0177613256644129,-0.0177613256644129
"156","RECODED_Q63_am_ind_ala","~~","Q23",-0.0158174098375547,0,NA,NA,-0.0158174098375547,-0.0158174098375547
"157","RECODED_Q63_am_ind_ala","~~","Q30",-0.00948945289415285,0,NA,NA,-0.00948945289415285,-0.00948945289415285
"158","RECODED_Q63_asian","~~","RECODED_Q63_asian",1,0,NA,NA,1,1
"159","RECODED_Q63_asian","~~","RECODED_Q63_black",-0.0538330482959139,0,NA,NA,-0.0538330482959139,-0.0538330482959139
"160","RECODED_Q63_asian","~~","RECODED_Q63_hisp_lat",-0.14123406571434,0,NA,NA,-0.14123406571434,-0.14123406571434
"161","RECODED_Q63_asian","~~","RECODED_Q63_more_than_one_race",-0.14936064519231,0,NA,NA,-0.14936064519231,-0.14936064519231
"162","RECODED_Q63_asian","~~","RECODED_Q63_nat_haw_pac",-0.030256880359206,0,NA,NA,-0.030256880359206,-0.030256880359206
"163","RECODED_Q63_asian","~~","RECODED_Q63_other",-0.0415406492397264,0,NA,NA,-0.0415406492397264,-0.0415406492397264
"164","RECODED_Q63_asian","~~","Q65_female",-0.0330089787227522,0,NA,NA,-0.0330089787227522,-0.0330089787227522
"165","RECODED_Q63_asian","~~","Q65_nonbinary",-0.0744398712620989,0,NA,NA,-0.0744398712620989,-0.0744398712620989
"166","RECODED_Q63_asian","~~","Q65_other",-0.030256880359206,0,NA,NA,-0.030256880359206,-0.030256880359206
"167","RECODED_Q63_asian","~~","Q68_inc_2",-0.0588099614431671,0,NA,NA,-0.0588099614431671,-0.0588099614431671
"168","RECODED_Q63_asian","~~","Q68_inc_3",-0.0469102097545628,0,NA,NA,-0.0469102097545628,-0.0469102097545628
"169","RECODED_Q63_asian","~~","Q68_inc_4",-0.0322541280734198,0,NA,NA,-0.0322541280734198,-0.0322541280734198
"170","RECODED_Q63_asian","~~","Q68_inc_5",-0.00316619459036715,0,NA,NA,-0.00316619459036715,-0.00316619459036715
"171","RECODED_Q63_asian","~~","Q68_inc_6",0.0151347605123526,0,NA,NA,0.0151347605123526,0.0151347605123526
"172","RECODED_Q63_asian","~~","Q11",-0.0833313121664695,0,NA,NA,-0.0833313121664695,-0.0833313121664695
"173","RECODED_Q63_asian","~~","Q64",-0.127525546022802,0,NA,NA,-0.127525546022802,-0.127525546022802
"174","RECODED_Q63_asian","~~","Q66",-0.107852823727497,0,NA,NA,-0.107852823727497,-0.107852823727497
"175","RECODED_Q63_asian","~~","Q67",-0.0669083632624813,0,NA,NA,-0.0669083632624813,-0.0669083632624813
"176","RECODED_Q63_asian","~~","Q69",-0.0291909194177579,0,NA,NA,-0.0291909194177579,-0.0291909194177579
"177","RECODED_Q63_asian","~~","Q70",-0.0659337309043227,0,NA,NA,-0.0659337309043227,-0.0659337309043227
"178","RECODED_Q63_asian","~~","Q5",0.0690355839729046,0,NA,NA,0.0690355839729046,0.0690355839729046
"179","RECODED_Q63_asian","~~","Q7_4",0.0579238774679452,0,NA,NA,0.0579238774679452,0.0579238774679452
"180","RECODED_Q63_asian","~~","RECODED_Q6_activetransport",-0.0307211546809388,0,NA,NA,-0.0307211546809388,-0.0307211546809388
"181","RECODED_Q63_asian","~~","RECODED_Q6_other",-0.0441451576866692,0,NA,NA,-0.0441451576866692,-0.0441451576866692
"182","RECODED_Q63_asian","~~","RECODED_Q6_publictransit",0.0947321591029304,0,NA,NA,0.0947321591029304,0.0947321591029304
"183","RECODED_Q63_asian","~~","Q13",-0.102256123283242,0,NA,NA,-0.102256123283242,-0.102256123283242
"184","RECODED_Q63_asian","~~","Q17",0.0441278832022073,0,NA,NA,0.0441278832022073,0.0441278832022073
"185","RECODED_Q63_asian","~~","Q23",0.0568133867192254,0,NA,NA,0.0568133867192254,0.0568133867192254
"186","RECODED_Q63_asian","~~","Q30",0.114997053654409,0,NA,NA,0.114997053654409,0.114997053654409
"187","RECODED_Q63_black","~~","RECODED_Q63_black",1,0,NA,NA,1,1
"188","RECODED_Q63_black","~~","RECODED_Q63_hisp_lat",-0.0500678799161831,0,NA,NA,-0.0500678799161831,-0.0500678799161831
"189","RECODED_Q63_black","~~","RECODED_Q63_more_than_one_race",-0.0529487755653622,0,NA,NA,-0.0529487755653622,-0.0529487755653622
"190","RECODED_Q63_black","~~","RECODED_Q63_nat_haw_pac",-0.0107261505558233,0,NA,NA,-0.0107261505558233,-0.0107261505558233
"191","RECODED_Q63_black","~~","RECODED_Q63_other",-0.0147262788708612,0,NA,NA,-0.0147262788708612,-0.0147262788708612
"192","RECODED_Q63_black","~~","Q65_female",-0.00404593769949019,0,NA,NA,-0.00404593769949019,-0.00404593769949019
"193","RECODED_Q63_black","~~","Q65_nonbinary",0.00359341577499146,0,NA,NA,0.00359341577499146,0.00359341577499146
"194","RECODED_Q63_black","~~","Q65_other",-0.0107261505558233,0,NA,NA,-0.0107261505558233,-0.0107261505558233
"195","RECODED_Q63_black","~~","Q68_inc_2",0.0345488922718602,0,NA,NA,0.0345488922718602,0.0345488922718602
"196","RECODED_Q63_black","~~","Q68_inc_3",-0.00230489540077989,0,NA,NA,-0.00230489540077989,-0.00230489540077989
"197","RECODED_Q63_black","~~","Q68_inc_4",-0.00376615610477604,0,NA,NA,-0.00376615610477604,-0.00376615610477604
"198","RECODED_Q63_black","~~","Q68_inc_5",0.0144777453271722,0,NA,NA,0.0144777453271722,0.0144777453271722
"199","RECODED_Q63_black","~~","Q68_inc_6",-0.0233237228576877,0,NA,NA,-0.0233237228576877,-0.0233237228576877
"200","RECODED_Q63_black","~~","Q11",-0.0210958545078781,0,NA,NA,-0.0210958545078781,-0.0210958545078781
"201","RECODED_Q63_black","~~","Q64",-0.0032460057033109,0,NA,NA,-0.0032460057033109,-0.0032460057033109
"202","RECODED_Q63_black","~~","Q66",-0.019043016059487,0,NA,NA,-0.019043016059487,-0.019043016059487
"203","RECODED_Q63_black","~~","Q67",0.0130973266247806,0,NA,NA,0.0130973266247806,0.0130973266247806
"204","RECODED_Q63_black","~~","Q69",-0.00514489979269605,0,NA,NA,-0.00514489979269605,-0.00514489979269605
"205","RECODED_Q63_black","~~","Q70",0.0185540036717618,0,NA,NA,0.0185540036717618,0.0185540036717618
"206","RECODED_Q63_black","~~","Q5",0.00184352952673925,0,NA,NA,0.00184352952673925,0.00184352952673925
"207","RECODED_Q63_black","~~","Q7_4",-0.014710245179276,0,NA,NA,-0.014710245179276,-0.014710245179276
"208","RECODED_Q63_black","~~","RECODED_Q6_activetransport",-0.0149204543710379,0,NA,NA,-0.0149204543710379,-0.0149204543710379
"209","RECODED_Q63_black","~~","RECODED_Q6_other",0.0163374522295871,0,NA,NA,0.0163374522295871,0.0163374522295871
"210","RECODED_Q63_black","~~","RECODED_Q6_publictransit",0.0440781735822551,0,NA,NA,0.0440781735822551,0.0440781735822551
"211","RECODED_Q63_black","~~","Q13",-0.0467416021719946,0,NA,NA,-0.0467416021719946,-0.0467416021719946
"212","RECODED_Q63_black","~~","Q17",0.00147017003881062,0,NA,NA,0.00147017003881062,0.00147017003881062
"213","RECODED_Q63_black","~~","Q23",0.00650409064201296,0,NA,NA,0.00650409064201296,0.00650409064201296
"214","RECODED_Q63_black","~~","Q30",0.089907417481903,0,NA,NA,0.089907417481903,0.089907417481903
"215","RECODED_Q63_hisp_lat","~~","RECODED_Q63_hisp_lat",1,0,NA,NA,1,1
"216","RECODED_Q63_hisp_lat","~~","RECODED_Q63_more_than_one_race",-0.138914125883891,0,NA,NA,-0.138914125883891,-0.138914125883891
"217","RECODED_Q63_hisp_lat","~~","RECODED_Q63_nat_haw_pac",-0.0281406663827734,0,NA,NA,-0.0281406663827734,-0.0281406663827734
"218","RECODED_Q63_hisp_lat","~~","RECODED_Q63_other",-0.0386352306550096,0,NA,NA,-0.0386352306550096,-0.0386352306550096
"219","RECODED_Q63_hisp_lat","~~","Q65_female",0.0326395210684506,0,NA,NA,0.0326395210684506,0.0326395210684506
"220","RECODED_Q63_hisp_lat","~~","Q65_nonbinary",-0.043858925949852,0,NA,NA,-0.043858925949852,-0.043858925949852
"221","RECODED_Q63_hisp_lat","~~","Q65_other",0.00215593815029313,0,NA,NA,0.00215593815029313,0.00215593815029313
"222","RECODED_Q63_hisp_lat","~~","Q68_inc_2",-0.0152806977417483,0,NA,NA,-0.0152806977417483,-0.0152806977417483
"223","RECODED_Q63_hisp_lat","~~","Q68_inc_3",-0.0598095374573725,0,NA,NA,-0.0598095374573725,-0.0598095374573725
"224","RECODED_Q63_hisp_lat","~~","Q68_inc_4",-0.0121202439967852,0,NA,NA,-0.0121202439967852,-0.0121202439967852
"225","RECODED_Q63_hisp_lat","~~","Q68_inc_5",-0.0567972916032776,0,NA,NA,-0.0567972916032776,-0.0567972916032776
"226","RECODED_Q63_hisp_lat","~~","Q68_inc_6",-0.0327028361058763,0,NA,NA,-0.0327028361058763,-0.0327028361058763
"227","RECODED_Q63_hisp_lat","~~","Q11",-0.0421047512713398,0,NA,NA,-0.0421047512713398,-0.0421047512713398
"228","RECODED_Q63_hisp_lat","~~","Q64",-0.109068230409987,0,NA,NA,-0.109068230409987,-0.109068230409987
"229","RECODED_Q63_hisp_lat","~~","Q66",-0.0916684281223855,0,NA,NA,-0.0916684281223855,-0.0916684281223855
"230","RECODED_Q63_hisp_lat","~~","Q67",-0.0309221634517579,0,NA,NA,-0.0309221634517579,-0.0309221634517579
"231","RECODED_Q63_hisp_lat","~~","Q69",-0.0159199463169274,0,NA,NA,-0.0159199463169274,-0.0159199463169274
"232","RECODED_Q63_hisp_lat","~~","Q70",-0.0954412372442982,0,NA,NA,-0.0954412372442982,-0.0954412372442982
"233","RECODED_Q63_hisp_lat","~~","Q5",-0.0394608484961736,0,NA,NA,-0.0394608484961736,-0.0394608484961736
"234","RECODED_Q63_hisp_lat","~~","Q7_4",0.128024090719357,0,NA,NA,0.128024090719357,0.128024090719357
"235","RECODED_Q63_hisp_lat","~~","RECODED_Q6_activetransport",-0.0429759017902163,0,NA,NA,-0.0429759017902163,-0.0429759017902163
"236","RECODED_Q63_hisp_lat","~~","RECODED_Q6_other",-0.0233987390643245,0,NA,NA,-0.0233987390643245,-0.0233987390643245
"237","RECODED_Q63_hisp_lat","~~","RECODED_Q6_publictransit",0.0201594464426601,0,NA,NA,0.0201594464426601,0.0201594464426601
"238","RECODED_Q63_hisp_lat","~~","Q13",-0.0480546746786595,0,NA,NA,-0.0480546746786595,-0.0480546746786595
"239","RECODED_Q63_hisp_lat","~~","Q17",-0.0422231284936032,0,NA,NA,-0.0422231284936032,-0.0422231284936032
"240","RECODED_Q63_hisp_lat","~~","Q23",-0.0110089367300397,0,NA,NA,-0.0110089367300397,-0.0110089367300397
"241","RECODED_Q63_hisp_lat","~~","Q30",0.025712979049638,0,NA,NA,0.025712979049638,0.025712979049638
"242","RECODED_Q63_more_than_one_race","~~","RECODED_Q63_more_than_one_race",1,0,NA,NA,1,1
"243","RECODED_Q63_more_than_one_race","~~","RECODED_Q63_nat_haw_pac",-0.0297598746153339,0,NA,NA,-0.0297598746153339,-0.0297598746153339
"244","RECODED_Q63_more_than_one_race","~~","RECODED_Q63_other",-0.0408582939859391,0,NA,NA,-0.0408582939859391,-0.0408582939859391
"245","RECODED_Q63_more_than_one_race","~~","Q65_female",-0.0180103815459014,0,NA,NA,-0.0180103815459014,-0.0180103815459014
"246","RECODED_Q63_more_than_one_race","~~","Q65_nonbinary",0.0484014542059584,0,NA,NA,0.0484014542059584,0.0484014542059584
"247","RECODED_Q63_more_than_one_race","~~","Q65_other",-0.000717891712212002,0,NA,NA,-0.000717891712212002,-0.000717891712212002
"248","RECODED_Q63_more_than_one_race","~~","Q68_inc_2",-0.00467606174411894,0,NA,NA,-0.00467606174411894,-0.00467606174411894
"249","RECODED_Q63_more_than_one_race","~~","Q68_inc_3",-0.0360282480959305,0,NA,NA,-0.0360282480959305,-0.0360282480959305
"250","RECODED_Q63_more_than_one_race","~~","Q68_inc_4",-0.0301996150243218,0,NA,NA,-0.0301996150243218,-0.0301996150243218
"251","RECODED_Q63_more_than_one_race","~~","Q68_inc_5",-0.0307571710985113,0,NA,NA,-0.0307571710985113,-0.0307571710985113
"252","RECODED_Q63_more_than_one_race","~~","Q68_inc_6",-0.0100949552721792,0,NA,NA,-0.0100949552721792,-0.0100949552721792
"253","RECODED_Q63_more_than_one_race","~~","Q11",-0.0318753164835425,0,NA,NA,-0.0318753164835425,-0.0318753164835425
"254","RECODED_Q63_more_than_one_race","~~","Q64",-0.108771014819551,0,NA,NA,-0.108771014819551,-0.108771014819551
"255","RECODED_Q63_more_than_one_race","~~","Q66",-0.0384030524797674,0,NA,NA,-0.0384030524797674,-0.0384030524797674
"256","RECODED_Q63_more_than_one_race","~~","Q67",-0.0270759240535969,0,NA,NA,-0.0270759240535969,-0.0270759240535969
"257","RECODED_Q63_more_than_one_race","~~","Q69",-0.022168421329874,0,NA,NA,-0.022168421329874,-0.022168421329874
"258","RECODED_Q63_more_than_one_race","~~","Q70",0.000125434641997474,0,NA,NA,0.000125434641997474,0.000125434641997474
"259","RECODED_Q63_more_than_one_race","~~","Q5",0.051739880260905,0,NA,NA,0.051739880260905,0.051739880260905
"260","RECODED_Q63_more_than_one_race","~~","Q7_4",-0.0449028304305796,0,NA,NA,-0.0449028304305796,-0.0449028304305796
"261","RECODED_Q63_more_than_one_race","~~","RECODED_Q6_activetransport",0.0349927106906357,0,NA,NA,0.0349927106906357,0.0349927106906357
"262","RECODED_Q63_more_than_one_race","~~","RECODED_Q6_other",0.0326251156024153,0,NA,NA,0.0326251156024153,0.0326251156024153
"263","RECODED_Q63_more_than_one_race","~~","RECODED_Q6_publictransit",-0.0359942008891448,0,NA,NA,-0.0359942008891448,-0.0359942008891448
"264","RECODED_Q63_more_than_one_race","~~","Q13",-0.0105681750184419,0,NA,NA,-0.0105681750184419,-0.0105681750184419
"265","RECODED_Q63_more_than_one_race","~~","Q17",-0.0448183250184287,0,NA,NA,-0.0448183250184287,-0.0448183250184287
"266","RECODED_Q63_more_than_one_race","~~","Q23",0.0126636508832432,0,NA,NA,0.0126636508832432,0.0126636508832432
"267","RECODED_Q63_more_than_one_race","~~","Q30",-0.0344484645856009,0,NA,NA,-0.0344484645856009,-0.0344484645856009
"268","RECODED_Q63_nat_haw_pac","~~","RECODED_Q63_nat_haw_pac",1,0,NA,NA,1,1
"269","RECODED_Q63_nat_haw_pac","~~","RECODED_Q63_other",-0.00827690929710496,0,NA,NA,-0.00827690929710496,-0.00827690929710496
"270","RECODED_Q63_nat_haw_pac","~~","Q65_female",-0.00472226021652053,0,NA,NA,-0.00472226021652053,-0.00472226021652053
"271","RECODED_Q63_nat_haw_pac","~~","Q65_nonbinary",0.037829560154185,0,NA,NA,0.037829560154185,0.037829560154185
"272","RECODED_Q63_nat_haw_pac","~~","Q65_other",-0.00602863602110023,0,NA,NA,-0.00602863602110023,-0.00602863602110023
"273","RECODED_Q63_nat_haw_pac","~~","Q68_inc_2",0.0758676486293916,0,NA,NA,0.0758676486293916,0.0758676486293916
"274","RECODED_Q63_nat_haw_pac","~~","Q68_inc_3",0.0112569824895841,0,NA,NA,0.0112569824895841,0.0112569824895841
"275","RECODED_Q63_nat_haw_pac","~~","Q68_inc_4",-0.016989857471364,0,NA,NA,-0.016989857471364,-0.016989857471364
"276","RECODED_Q63_nat_haw_pac","~~","Q68_inc_5",-0.0121678070235772,0,NA,NA,-0.0121678070235772,-0.0121678070235772
"277","RECODED_Q63_nat_haw_pac","~~","Q68_inc_6",-0.013109105175638,0,NA,NA,-0.013109105175638,-0.013109105175638
"278","RECODED_Q63_nat_haw_pac","~~","Q11",-0.0228492943564221,0,NA,NA,-0.0228492943564221,-0.0228492943564221
"279","RECODED_Q63_nat_haw_pac","~~","Q64",0.0271684187805279,0,NA,NA,0.0271684187805279,0.0271684187805279
"280","RECODED_Q63_nat_haw_pac","~~","Q66",-0.00901416316307344,0,NA,NA,-0.00901416316307344,-0.00901416316307344
"281","RECODED_Q63_nat_haw_pac","~~","Q67",-0.00347769953597363,0,NA,NA,-0.00347769953597363,-0.00347769953597363
"282","RECODED_Q63_nat_haw_pac","~~","Q69",-0.00490232229900793,0,NA,NA,-0.00490232229900793,-0.00490232229900793
"283","RECODED_Q63_nat_haw_pac","~~","Q70",0.062393178351322,0,NA,NA,0.062393178351322,0.062393178351322
"284","RECODED_Q63_nat_haw_pac","~~","Q5",0.0173528817556019,0,NA,NA,0.0173528817556019,0.0173528817556019
"285","RECODED_Q63_nat_haw_pac","~~","Q7_4",-0.0468229086970145,0,NA,NA,-0.0468229086970145,-0.0468229086970145
"286","RECODED_Q63_nat_haw_pac","~~","RECODED_Q6_activetransport",0.0191783147243234,0,NA,NA,0.0191783147243234,0.0191783147243234
"287","RECODED_Q63_nat_haw_pac","~~","RECODED_Q6_other",-0.0117723971143687,0,NA,NA,-0.0117723971143687,-0.0117723971143687
"288","RECODED_Q63_nat_haw_pac","~~","RECODED_Q6_publictransit",-0.0226291139393518,0,NA,NA,-0.0226291139393518,-0.0226291139393518
"289","RECODED_Q63_nat_haw_pac","~~","Q13",0.0377237184744503,0,NA,NA,0.0377237184744503,0.0377237184744503
"290","RECODED_Q63_nat_haw_pac","~~","Q17",-0.0205244616593548,0,NA,NA,-0.0205244616593548,-0.0205244616593548
"291","RECODED_Q63_nat_haw_pac","~~","Q23",0.0845363518475382,0,NA,NA,0.0845363518475382,0.0845363518475382
"292","RECODED_Q63_nat_haw_pac","~~","Q30",-0.0176503197795728,0,NA,NA,-0.0176503197795728,-0.0176503197795728
"293","RECODED_Q63_other","~~","RECODED_Q63_other",1,0,NA,NA,1,1
"294","RECODED_Q63_other","~~","Q65_female",-0.0270244230154249,0,NA,NA,-0.0270244230154249,-0.0270244230154249
"295","RECODED_Q63_other","~~","Q65_nonbinary",-0.020363370420543,0,NA,NA,-0.020363370420543,-0.020363370420543
"296","RECODED_Q63_other","~~","Q65_other",0.0838037066331877,0,NA,NA,0.0838037066331877,0.0838037066331877
"297","RECODED_Q63_other","~~","Q68_inc_2",-0.00513549066302794,0,NA,NA,-0.00513549066302794,-0.00513549066302794
"298","RECODED_Q63_other","~~","Q68_inc_3",0.0441778483513271,0,NA,NA,0.0441778483513271,0.0441778483513271
"299","RECODED_Q63_other","~~","Q68_inc_4",0.0107069817830121,0,NA,NA,0.0107069817830121,0.0107069817830121
"300","RECODED_Q63_other","~~","Q68_inc_5",-0.0167055756437001,0,NA,NA,-0.0167055756437001,-0.0167055756437001
"301","RECODED_Q63_other","~~","Q68_inc_6",0.0252943660552047,0,NA,NA,0.0252943660552047,0.0252943660552047
"302","RECODED_Q63_other","~~","Q11",0.0239659582181586,0,NA,NA,0.0239659582181586,0.0239659582181586
"303","RECODED_Q63_other","~~","Q64",0.102725763844082,0,NA,NA,0.102725763844082,0.102725763844082
"304","RECODED_Q63_other","~~","Q66",0.0378657158574437,0,NA,NA,0.0378657158574437,0.0378657158574437
"305","RECODED_Q63_other","~~","Q67",0.010106643939378,0,NA,NA,0.010106643939378,0.010106643939378
"306","RECODED_Q63_other","~~","Q69",-0.00397009800535761,0,NA,NA,-0.00397009800535761,-0.00397009800535761
"307","RECODED_Q63_other","~~","Q70",0.0275906823348711,0,NA,NA,0.0275906823348711,0.0275906823348711
"308","RECODED_Q63_other","~~","Q5",-0.00571032618291386,0,NA,NA,-0.00571032618291386,-0.00571032618291386
"309","RECODED_Q63_other","~~","Q7_4",0.0226682970562489,0,NA,NA,0.0226682970562489,0.0226682970562489
"310","RECODED_Q63_other","~~","RECODED_Q6_activetransport",-0.046446397770161,0,NA,NA,-0.046446397770161,-0.046446397770161
"311","RECODED_Q63_other","~~","RECODED_Q6_other",-0.0161627045958809,0,NA,NA,-0.0161627045958809,-0.0161627045958809
"312","RECODED_Q63_other","~~","RECODED_Q6_publictransit",0.0169426812326506,0,NA,NA,0.0169426812326506,0.0169426812326506
"313","RECODED_Q63_other","~~","Q13",0.0581588226736466,0,NA,NA,0.0581588226736466,0.0581588226736466
"314","RECODED_Q63_other","~~","Q17",-0.0281786969609397,0,NA,NA,-0.0281786969609397,-0.0281786969609397
"315","RECODED_Q63_other","~~","Q23",-0.0250946357800581,0,NA,NA,-0.0250946357800581,-0.0250946357800581
"316","RECODED_Q63_other","~~","Q30",-0.0187262014859419,0,NA,NA,-0.0187262014859419,-0.0187262014859419
"317","Q65_female","~~","Q65_female",1,0,NA,NA,1,1
"318","Q65_female","~~","Q65_nonbinary",-0.262589364131599,0,NA,NA,-0.262589364131599,-0.262589364131599
"319","Q65_female","~~","Q65_other",-0.106732250330678,0,NA,NA,-0.106732250330678,-0.106732250330678
"320","Q65_female","~~","Q68_inc_2",-0.0415662907048373,0,NA,NA,-0.0415662907048373,-0.0415662907048373
"321","Q65_female","~~","Q68_inc_3",0.023225061236178,0,NA,NA,0.023225061236178,0.023225061236178
"322","Q65_female","~~","Q68_inc_4",-0.0368724847444185,0,NA,NA,-0.0368724847444185,-0.0368724847444185
"323","Q65_female","~~","Q68_inc_5",0.0110579302110039,0,NA,NA,0.0110579302110039,0.0110579302110039
"324","Q65_female","~~","Q68_inc_6",-0.00187531483605636,0,NA,NA,-0.00187531483605636,-0.00187531483605636
"325","Q65_female","~~","Q11",0.0201381453520399,0,NA,NA,0.0201381453520399,0.0201381453520399
"326","Q65_female","~~","Q64",-0.00428056437152353,0,NA,NA,-0.00428056437152353,-0.00428056437152353
"327","Q65_female","~~","Q66",0.0313654680222646,0,NA,NA,0.0313654680222646,0.0313654680222646
"328","Q65_female","~~","Q67",0.0846058614464748,0,NA,NA,0.0846058614464748,0.0846058614464748
"329","Q65_female","~~","Q69",0.000670726648204287,0,NA,NA,0.000670726648204287,0.000670726648204287
"330","Q65_female","~~","Q70",0.0440479141391976,0,NA,NA,0.0440479141391976,0.0440479141391976
"331","Q65_female","~~","Q5",-0.0833157228406168,0,NA,NA,-0.0833157228406168,-0.0833157228406168
"332","Q65_female","~~","Q7_4",0.0474710061591602,0,NA,NA,0.0474710061591602,0.0474710061591602
"333","Q65_female","~~","RECODED_Q6_activetransport",-0.0399367132656582,0,NA,NA,-0.0399367132656582,-0.0399367132656582
"334","Q65_female","~~","RECODED_Q6_other",0.0146825800620126,0,NA,NA,0.0146825800620126,0.0146825800620126
"335","Q65_female","~~","RECODED_Q6_publictransit",-0.0235860377502967,0,NA,NA,-0.0235860377502967,-0.0235860377502967
"336","Q65_female","~~","Q13",0.0909124885589216,0,NA,NA,0.0909124885589216,0.0909124885589216
"337","Q65_female","~~","Q17",-0.0999683489561716,0,NA,NA,-0.0999683489561716,-0.0999683489561716
"338","Q65_female","~~","Q23",-0.0511532474065466,0,NA,NA,-0.0511532474065466,-0.0511532474065466
"339","Q65_female","~~","Q30",-0.0404126251719821,0,NA,NA,-0.0404126251719821,-0.0404126251719821
"340","Q65_nonbinary","~~","Q65_nonbinary",1,0,NA,NA,1,1
"341","Q65_nonbinary","~~","Q65_other",-0.0148320277559682,0,NA,NA,-0.0148320277559682,-0.0148320277559682
"342","Q65_nonbinary","~~","Q68_inc_2",-0.0235983593118688,0,NA,NA,-0.0235983593118688,-0.0235983593118688
"343","Q65_nonbinary","~~","Q68_inc_3",-0.0142843831831126,0,NA,NA,-0.0142843831831126,-0.0142843831831126
"344","Q65_nonbinary","~~","Q68_inc_4",-0.0417995109844476,0,NA,NA,-0.0417995109844476,-0.0417995109844476
"345","Q65_nonbinary","~~","Q68_inc_5",-0.00336381921557586,0,NA,NA,-0.00336381921557586,-0.00336381921557586
"346","Q65_nonbinary","~~","Q68_inc_6",-0.00749266466892729,0,NA,NA,-0.00749266466892729,-0.00749266466892729
"347","Q65_nonbinary","~~","Q11",-0.047584168629059,0,NA,NA,-0.047584168629059,-0.047584168629059
"348","Q65_nonbinary","~~","Q64",-0.00268518113551411,0,NA,NA,-0.00268518113551411,-0.00268518113551411
"349","Q65_nonbinary","~~","Q66",-0.0199669380330021,0,NA,NA,-0.0199669380330021,-0.0199669380330021
"350","Q65_nonbinary","~~","Q67",-0.0378707572876918,0,NA,NA,-0.0378707572876918,-0.0378707572876918
"351","Q65_nonbinary","~~","Q69",-0.0946810395159423,0,NA,NA,-0.0946810395159423,-0.0946810395159423
"352","Q65_nonbinary","~~","Q70",0.158248059966774,0,NA,NA,0.158248059966774,0.158248059966774
"353","Q65_nonbinary","~~","Q5",0.0359999498148613,0,NA,NA,0.0359999498148613,0.0359999498148613
"354","Q65_nonbinary","~~","Q7_4",-0.0886986870821737,0,NA,NA,-0.0886986870821737,-0.0886986870821737
"355","Q65_nonbinary","~~","RECODED_Q6_activetransport",0.0499584681487397,0,NA,NA,0.0499584681487397,0.0499584681487397
"356","Q65_nonbinary","~~","RECODED_Q6_other",-0.00154059512660472,0,NA,NA,-0.00154059512660472,-0.00154059512660472
"357","Q65_nonbinary","~~","RECODED_Q6_publictransit",0.0205981136726251,0,NA,NA,0.0205981136726251,0.0205981136726251
"358","Q65_nonbinary","~~","Q13",-0.0819658442641211,0,NA,NA,-0.0819658442641211,-0.0819658442641211
"359","Q65_nonbinary","~~","Q17",0.00538582157458879,0,NA,NA,0.00538582157458879,0.00538582157458879
"360","Q65_nonbinary","~~","Q23",-0.0449690000282983,0,NA,NA,-0.0449690000282983,-0.0449690000282983
"361","Q65_nonbinary","~~","Q30",0.00171417364077654,0,NA,NA,0.00171417364077654,0.00171417364077654
"362","Q65_other","~~","Q65_other",1,0,NA,NA,1,1
"363","Q65_other","~~","Q68_inc_2",0.0215893469572384,0,NA,NA,0.0215893469572384,0.0215893469572384
"364","Q65_other","~~","Q68_inc_3",-0.0236109331104039,0,NA,NA,-0.0236109331104039,-0.0236109331104039
"365","Q65_other","~~","Q68_inc_4",-0.016989857471364,0,NA,NA,-0.016989857471364,-0.016989857471364
"366","Q65_other","~~","Q68_inc_5",-0.0121678070235772,0,NA,NA,-0.0121678070235772,-0.0121678070235772
"367","Q65_other","~~","Q68_inc_6",-0.013109105175638,0,NA,NA,-0.013109105175638,-0.013109105175638
"368","Q65_other","~~","Q11",-0.0228492943564221,0,NA,NA,-0.0228492943564221,-0.0228492943564221
"369","Q65_other","~~","Q64",0.0459461630969629,0,NA,NA,0.0459461630969629,0.0459461630969629
"370","Q65_other","~~","Q66",-0.0301262821502717,0,NA,NA,-0.0301262821502717,-0.0301262821502717
"371","Q65_other","~~","Q67",-0.00347769953597363,0,NA,NA,-0.00347769953597363,-0.00347769953597363
"372","Q65_other","~~","Q69",-0.0752743682041218,0,NA,NA,-0.0752743682041218,-0.0752743682041218
"373","Q65_other","~~","Q70",0.122817475122461,0,NA,NA,0.122817475122461,0.122817475122461
"374","Q65_other","~~","Q5",0.0417062033258817,0,NA,NA,0.0417062033258817,0.0417062033258817
"375","Q65_other","~~","Q7_4",-0.00521678156654605,0,NA,NA,-0.00521678156654605,-0.00521678156654605
"376","Q65_other","~~","RECODED_Q6_activetransport",-0.00732587798475706,0,NA,NA,-0.00732587798475706,-0.00732587798475706
"377","Q65_other","~~","RECODED_Q6_other",0.184679479731659,0,NA,NA,0.184679479731659,0.184679479731659
"378","Q65_other","~~","RECODED_Q6_publictransit",-0.0226291139393518,0,NA,NA,-0.0226291139393518,-0.0226291139393518
"379","Q65_other","~~","Q13",0.011638861345622,0,NA,NA,0.011638861345622,0.011638861345622
"380","Q65_other","~~","Q17",-0.0205244616593548,0,NA,NA,-0.0205244616593548,-0.0205244616593548
"381","Q65_other","~~","Q23",-0.0182781301291975,0,NA,NA,-0.0182781301291975,-0.0182781301291975
"382","Q65_other","~~","Q30",0.0324840991687882,0,NA,NA,0.0324840991687882,0.0324840991687882
"383","Q68_inc_2","~~","Q68_inc_2",1,0,NA,NA,1,1
"384","Q68_inc_2","~~","Q68_inc_3",-0.128025098964594,0,NA,NA,-0.128025098964594,-0.128025098964594
"385","Q68_inc_2","~~","Q68_inc_4",-0.0921237705428626,0,NA,NA,-0.0921237705428626,-0.0921237705428626
"386","Q68_inc_2","~~","Q68_inc_5",-0.0659772610888102,0,NA,NA,-0.0659772610888102,-0.0659772610888102
"387","Q68_inc_2","~~","Q68_inc_6",-0.0710812435747744,0,NA,NA,-0.0710812435747744,-0.0710812435747744
"388","Q68_inc_2","~~","Q11",0.0555088171721934,0,NA,NA,0.0555088171721934,0.0555088171721934
"389","Q68_inc_2","~~","Q64",0.129112459704951,0,NA,NA,0.129112459704951,0.129112459704951
"390","Q68_inc_2","~~","Q66",0.209689973663929,0,NA,NA,0.209689973663929,0.209689973663929
"391","Q68_inc_2","~~","Q67",0.0430342705476339,0,NA,NA,0.0430342705476339,0.0430342705476339
"392","Q68_inc_2","~~","Q69",0.0225052491576422,0,NA,NA,0.0225052491576422,0.0225052491576422
"393","Q68_inc_2","~~","Q70",0.0359414045801298,0,NA,NA,0.0359414045801298,0.0359414045801298
"394","Q68_inc_2","~~","Q5",-0.0956072759534429,0,NA,NA,-0.0956072759534429,-0.0956072759534429
"395","Q68_inc_2","~~","Q7_4",0.0277702172473368,0,NA,NA,0.0277702172473368,0.0277702172473368
"396","Q68_inc_2","~~","RECODED_Q6_activetransport",-0.0747575166790273,0,NA,NA,-0.0747575166790273,-0.0747575166790273
"397","Q68_inc_2","~~","RECODED_Q6_other",-0.0497010034848916,0,NA,NA,-0.0497010034848916,-0.0497010034848916
"398","Q68_inc_2","~~","RECODED_Q6_publictransit",0.00989289975798465,0,NA,NA,0.00989289975798465,0.00989289975798465
"399","Q68_inc_2","~~","Q13",0.0544304659796387,0,NA,NA,0.0544304659796387,0.0544304659796387
"400","Q68_inc_2","~~","Q17",-0.0440929451067613,0,NA,NA,-0.0440929451067613,-0.0440929451067613
"401","Q68_inc_2","~~","Q23",-0.00295848197247929,0,NA,NA,-0.00295848197247929,-0.00295848197247929
"402","Q68_inc_2","~~","Q30",-0.0453937636183096,0,NA,NA,-0.0453937636183096,-0.0453937636183096
"403","Q68_inc_3","~~","Q68_inc_3",1,0,NA,NA,1,1
"404","Q68_inc_3","~~","Q68_inc_4",-0.0665401571611984,0,NA,NA,-0.0665401571611984,-0.0665401571611984
"405","Q68_inc_3","~~","Q68_inc_5",-0.0476547724441244,0,NA,NA,-0.0476547724441244,-0.0476547724441244
"406","Q68_inc_3","~~","Q68_inc_6",-0.0513413323272335,0,NA,NA,-0.0513413323272335,-0.0513413323272335
"407","Q68_inc_3","~~","Q11",0.0876691225052988,0,NA,NA,0.0876691225052988,0.0876691225052988
"408","Q68_inc_3","~~","Q64",0.263164306202125,0,NA,NA,0.263164306202125,0.263164306202125
"409","Q68_inc_3","~~","Q66",0.273484006404101,0,NA,NA,0.273484006404101,0.273484006404101
"410","Q68_inc_3","~~","Q67",0.0859323992167945,0,NA,NA,0.0859323992167945,0.0859323992167945
"411","Q68_inc_3","~~","Q69",0.0299291168589715,0,NA,NA,0.0299291168589715,0.0299291168589715
"412","Q68_inc_3","~~","Q70",0.00666393098000385,0,NA,NA,0.00666393098000385,0.00666393098000385
"413","Q68_inc_3","~~","Q5",-0.0997952000679371,0,NA,NA,-0.0997952000679371,-0.0997952000679371
"414","Q68_inc_3","~~","Q7_4",-0.0249977487755195,0,NA,NA,-0.0249977487755195,-0.0249977487755195
"415","Q68_inc_3","~~","RECODED_Q6_activetransport",-0.0590055979879028,0,NA,NA,-0.0590055979879028,-0.0590055979879028
"416","Q68_inc_3","~~","RECODED_Q6_other",-0.0097924596011537,0,NA,NA,-0.0097924596011537,-0.0097924596011537
"417","Q68_inc_3","~~","RECODED_Q6_publictransit",-0.00984538292869341,0,NA,NA,-0.00984538292869341,-0.00984538292869341
"418","Q68_inc_3","~~","Q13",0.0850610854341476,0,NA,NA,0.0850610854341476,0.0850610854341476
"419","Q68_inc_3","~~","Q17",-0.00638373337992706,0,NA,NA,-0.00638373337992706,-0.00638373337992706
"420","Q68_inc_3","~~","Q23",0.00443450805569277,0,NA,NA,0.00443450805569277,0.00443450805569277
"421","Q68_inc_3","~~","Q30",-0.0878929924000349,0,NA,NA,-0.0878929924000349,-0.0878929924000349
"422","Q68_inc_4","~~","Q68_inc_4",1,0,NA,NA,1,1
"423","Q68_inc_4","~~","Q68_inc_5",-0.0342912238101762,0,NA,NA,-0.0342912238101762,-0.0342912238101762
"424","Q68_inc_4","~~","Q68_inc_6",-0.0369439833042969,0,NA,NA,-0.0369439833042969,-0.0369439833042969
"425","Q68_inc_4","~~","Q11",0.0701854375890981,0,NA,NA,0.0701854375890981,0.0701854375890981
"426","Q68_inc_4","~~","Q64",0.168697471148624,0,NA,NA,0.168697471148624,0.168697471148624
"427","Q68_inc_4","~~","Q66",0.237948233497265,0,NA,NA,0.237948233497265,0.237948233497265
"428","Q68_inc_4","~~","Q67",0.152947168116412,0,NA,NA,0.152947168116412,0.152947168116412
"429","Q68_inc_4","~~","Q69",0.0572458170998328,0,NA,NA,0.0572458170998328,0.0572458170998328
"430","Q68_inc_4","~~","Q70",-0.0125966812108182,0,NA,NA,-0.0125966812108182,-0.0125966812108182
"431","Q68_inc_4","~~","Q5",-0.166838093823673,0,NA,NA,-0.166838093823673,-0.166838093823673
"432","Q68_inc_4","~~","Q7_4",0.0543904451102898,0,NA,NA,0.0543904451102898,0.0543904451102898
"433","Q68_inc_4","~~","RECODED_Q6_activetransport",-0.0659518833660069,0,NA,NA,-0.0659518833660069,-0.0659518833660069
"434","Q68_inc_4","~~","RECODED_Q6_other",-0.0331768825268902,0,NA,NA,-0.0331768825268902,-0.0331768825268902
"435","Q68_inc_4","~~","RECODED_Q6_publictransit",-0.0197931901957016,0,NA,NA,-0.0197931901957016,-0.0197931901957016
"436","Q68_inc_4","~~","Q13",0.0677489529243011,0,NA,NA,0.0677489529243011,0.0677489529243011
"437","Q68_inc_4","~~","Q17",0.0161383418729206,0,NA,NA,0.0161383418729206,0.0161383418729206
"438","Q68_inc_4","~~","Q23",-0.0388445802637411,0,NA,NA,-0.0388445802637411,-0.0388445802637411
"439","Q68_inc_4","~~","Q30",-0.0636392252136933,0,NA,NA,-0.0636392252136933,-0.0636392252136933
"440","Q68_inc_5","~~","Q68_inc_5",1,0,NA,NA,1,1
"441","Q68_inc_5","~~","Q68_inc_6",-0.0264585656640504,0,NA,NA,-0.0264585656640504,-0.0264585656640504
"442","Q68_inc_5","~~","Q11",0.0509474067810238,0,NA,NA,0.0509474067810238,0.0509474067810238
"443","Q68_inc_5","~~","Q64",0.113579626749789,0,NA,NA,0.113579626749789,0.113579626749789
"444","Q68_inc_5","~~","Q66",0.173557377177559,0,NA,NA,0.173557377177559,0.173557377177559
"445","Q68_inc_5","~~","Q67",0.12971112161428,0,NA,NA,0.12971112161428,0.12971112161428
"446","Q68_inc_5","~~","Q69",0.0205414062080581,0,NA,NA,0.0205414062080581,0.0205414062080581
"447","Q68_inc_5","~~","Q70",-0.0265152555208544,0,NA,NA,-0.0265152555208544,-0.0265152555208544
"448","Q68_inc_5","~~","Q5",-0.13086799011472,0,NA,NA,-0.13086799011472,-0.13086799011472
"449","Q68_inc_5","~~","Q7_4",0.0378731030729376,0,NA,NA,0.0378731030729376,0.0378731030729376
"450","Q68_inc_5","~~","RECODED_Q6_activetransport",-0.0549068305149115,0,NA,NA,-0.0549068305149115,-0.0549068305149115
"451","Q68_inc_5","~~","RECODED_Q6_other",0.00928150039551857,0,NA,NA,0.00928150039551857,0.00928150039551857
"452","Q68_inc_5","~~","RECODED_Q6_publictransit",-0.006461793659554,0,NA,NA,-0.006461793659554,-0.006461793659554
"453","Q68_inc_5","~~","Q13",0.0629771059879453,0,NA,NA,0.0629771059879453,0.0629771059879453
"454","Q68_inc_5","~~","Q17",0.0146854490138826,0,NA,NA,0.0146854490138826,0.0146854490138826
"455","Q68_inc_5","~~","Q23",-0.036891389592188,0,NA,NA,-0.036891389592188,-0.036891389592188
"456","Q68_inc_5","~~","Q30",-0.0255054527995744,0,NA,NA,-0.0255054527995744,-0.0255054527995744
"457","Q68_inc_6","~~","Q68_inc_6",1,0,NA,NA,1,1
"458","Q68_inc_6","~~","Q11",0.0310668408626924,0,NA,NA,0.0310668408626924,0.0310668408626924
"459","Q68_inc_6","~~","Q64",0.257496953069631,0,NA,NA,0.257496953069631,0.257496953069631
"460","Q68_inc_6","~~","Q66",0.226067334453184,0,NA,NA,0.226067334453184,0.226067334453184
"461","Q68_inc_6","~~","Q67",0.148504374013066,0,NA,NA,0.148504374013066,0.148504374013066
"462","Q68_inc_6","~~","Q69",0.127000842570152,0,NA,NA,0.127000842570152,0.127000842570152
"463","Q68_inc_6","~~","Q70",-0.0330053531134826,0,NA,NA,-0.0330053531134826,-0.0330053531134826
"464","Q68_inc_6","~~","Q5",-0.0907198280417702,0,NA,NA,-0.0907198280417702,-0.0907198280417702
"465","Q68_inc_6","~~","Q7_4",0.0249263130825924,0,NA,NA,0.0249263130825924,0.0249263130825924
"466","Q68_inc_6","~~","RECODED_Q6_activetransport",-0.0611014564590089,0,NA,NA,-0.0611014564590089,-0.0611014564590089
"467","Q68_inc_6","~~","RECODED_Q6_other",-0.0255987575633189,0,NA,NA,-0.0255987575633189,-0.0255987575633189
"468","Q68_inc_6","~~","RECODED_Q6_publictransit",-0.0206626655132909,0,NA,NA,-0.0206626655132909,-0.0206626655132909
"469","Q68_inc_6","~~","Q13",0.0942931600687966,0,NA,NA,0.0942931600687966,0.0942931600687966
"470","Q68_inc_6","~~","Q17",0.0181088613390622,0,NA,NA,0.0181088613390622,0.0181088613390622
"471","Q68_inc_6","~~","Q23",-0.0397452971848047,0,NA,NA,-0.0397452971848047,-0.0397452971848047
"472","Q68_inc_6","~~","Q30",-0.0324873875941335,0,NA,NA,-0.0324873875941335,-0.0324873875941335
"473","Q11","~~","Q11",1,0,NA,NA,1,1
"474","Q11","~~","Q64",0.111375369828071,0,NA,NA,0.111375369828071,0.111375369828071
"475","Q11","~~","Q66",0.143748198740353,0,NA,NA,0.143748198740353,0.143748198740353
"476","Q11","~~","Q67",0.0871168974367491,0,NA,NA,0.0871168974367491,0.0871168974367491
"477","Q11","~~","Q69",0.145020943127389,0,NA,NA,0.145020943127389,0.145020943127389
"478","Q11","~~","Q70",-0.0146139814633761,0,NA,NA,-0.0146139814633761,-0.0146139814633761
"479","Q11","~~","Q5",-0.120206787562014,0,NA,NA,-0.120206787562014,-0.120206787562014
"480","Q11","~~","Q7_4",0.0491925520613643,0,NA,NA,0.0491925520613643,0.0491925520613643
"481","Q11","~~","RECODED_Q6_activetransport",-0.0341009583681786,0,NA,NA,-0.0341009583681786,-0.0341009583681786
"482","Q11","~~","RECODED_Q6_other",-0.00884338095613506,0,NA,NA,-0.00884338095613506,-0.00884338095613506
"483","Q11","~~","RECODED_Q6_publictransit",-0.180362321155611,0,NA,NA,-0.180362321155611,-0.180362321155611
"484","Q11","~~","Q13",0.294986188325042,0,NA,NA,0.294986188325042,0.294986188325042
"485","Q11","~~","Q17",-0.0559194648019589,0,NA,NA,-0.0559194648019589,-0.0559194648019589
"486","Q11","~~","Q23",-0.0299573747259739,0,NA,NA,-0.0299573747259739,-0.0299573747259739
"487","Q11","~~","Q30",-0.181522695691843,0,NA,NA,-0.181522695691843,-0.181522695691843
"488","Q64","~~","Q64",1,0,NA,NA,1,1
"489","Q64","~~","Q66",0.370065542610196,0,NA,NA,0.370065542610196,0.370065542610196
"490","Q64","~~","Q67",0.416536688564873,0,NA,NA,0.416536688564873,0.416536688564873
"491","Q64","~~","Q69",0.03228638958595,0,NA,NA,0.03228638958595,0.03228638958595
"492","Q64","~~","Q70",0.165927085106445,0,NA,NA,0.165927085106445,0.165927085106445
"493","Q64","~~","Q5",-0.318589291455501,0,NA,NA,-0.318589291455501,-0.318589291455501
"494","Q64","~~","Q7_4",0.0542600932461393,0,NA,NA,0.0542600932461393,0.0542600932461393
"495","Q64","~~","RECODED_Q6_activetransport",-0.18470170992186,0,NA,NA,-0.18470170992186,-0.18470170992186
"496","Q64","~~","RECODED_Q6_other",-0.0435879734380334,0,NA,NA,-0.0435879734380334,-0.0435879734380334
"497","Q64","~~","RECODED_Q6_publictransit",0.0635871227933956,0,NA,NA,0.0635871227933956,0.0635871227933956
"498","Q64","~~","Q13",0.1273601389663,0,NA,NA,0.1273601389663,0.1273601389663
"499","Q64","~~","Q17",0.0365363460902298,0,NA,NA,0.0365363460902298,0.0365363460902298
"500","Q64","~~","Q23",-0.0518343801490124,0,NA,NA,-0.0518343801490124,-0.0518343801490124
"501","Q64","~~","Q30",-0.0889867859859299,0,NA,NA,-0.0889867859859299,-0.0889867859859299
"502","Q66","~~","Q66",1,0,NA,NA,1,1
"503","Q66","~~","Q67",0.247569580517928,0,NA,NA,0.247569580517928,0.247569580517928
"504","Q66","~~","Q69",0.0344950118734918,0,NA,NA,0.0344950118734918,0.0344950118734918
"505","Q66","~~","Q70",-0.0168692114695889,0,NA,NA,-0.0168692114695889,-0.0168692114695889
"506","Q66","~~","Q5",-0.248976822359421,0,NA,NA,-0.248976822359421,-0.248976822359421
"507","Q66","~~","Q7_4",0.0229411837676243,0,NA,NA,0.0229411837676243,0.0229411837676243
"508","Q66","~~","RECODED_Q6_activetransport",-0.127340041761411,0,NA,NA,-0.127340041761411,-0.127340041761411
"509","Q66","~~","RECODED_Q6_other",-0.0670743108998209,0,NA,NA,-0.0670743108998209,-0.0670743108998209
"510","Q66","~~","RECODED_Q6_publictransit",0.0200826233145671,0,NA,NA,0.0200826233145671,0.0200826233145671
"511","Q66","~~","Q13",0.12793320285053,0,NA,NA,0.12793320285053,0.12793320285053
"512","Q66","~~","Q17",-0.0176202913600066,0,NA,NA,-0.0176202913600066,-0.0176202913600066
"513","Q66","~~","Q23",-0.0345219847527994,0,NA,NA,-0.0345219847527994,-0.0345219847527994
"514","Q66","~~","Q30",-0.117608351253063,0,NA,NA,-0.117608351253063,-0.117608351253063
"515","Q67","~~","Q67",1,0,NA,NA,1,1
"516","Q67","~~","Q69",0.0523443019039794,0,NA,NA,0.0523443019039794,0.0523443019039794
"517","Q67","~~","Q70",0.0509793087140444,0,NA,NA,0.0509793087140444,0.0509793087140444
"518","Q67","~~","Q5",-0.166812773844218,0,NA,NA,-0.166812773844218,-0.166812773844218
"519","Q67","~~","Q7_4",0.155726513302485,0,NA,NA,0.155726513302485,0.155726513302485
"520","Q67","~~","RECODED_Q6_activetransport",-0.109466380882002,0,NA,NA,-0.109466380882002,-0.109466380882002
"521","Q67","~~","RECODED_Q6_other",0.00496778306656312,0,NA,NA,0.00496778306656312,0.00496778306656312
"522","Q67","~~","RECODED_Q6_publictransit",-0.0574896538241137,0,NA,NA,-0.0574896538241137,-0.0574896538241137
"523","Q67","~~","Q13",0.157285613370951,0,NA,NA,0.157285613370951,0.157285613370951
"524","Q67","~~","Q17",0.0576500492243441,0,NA,NA,0.0576500492243441,0.0576500492243441
"525","Q67","~~","Q23",-0.0308524370906371,0,NA,NA,-0.0308524370906371,-0.0308524370906371
"526","Q67","~~","Q30",-0.0850380787448629,0,NA,NA,-0.0850380787448629,-0.0850380787448629
"527","Q69","~~","Q69",1,0,NA,NA,1,1
"528","Q69","~~","Q70",-0.265700005281959,0,NA,NA,-0.265700005281959,-0.265700005281959
"529","Q69","~~","Q5",-0.0130922452749902,0,NA,NA,-0.0130922452749902,-0.0130922452749902
"530","Q69","~~","Q7_4",-0.0263210572147638,0,NA,NA,-0.0263210572147638,-0.0263210572147638
"531","Q69","~~","RECODED_Q6_activetransport",0.0236071127085838,0,NA,NA,0.0236071127085838,0.0236071127085838
"532","Q69","~~","RECODED_Q6_other",-0.0213517427050186,0,NA,NA,-0.0213517427050186,-0.0213517427050186
"533","Q69","~~","RECODED_Q6_publictransit",-0.0698721754522031,0,NA,NA,-0.0698721754522031,-0.0698721754522031
"534","Q69","~~","Q13",0.0942777974836271,0,NA,NA,0.0942777974836271,0.0942777974836271
"535","Q69","~~","Q17",0.099322526298669,0,NA,NA,0.099322526298669,0.099322526298669
"536","Q69","~~","Q23",0.0142468273741485,0,NA,NA,0.0142468273741485,0.0142468273741485
"537","Q69","~~","Q30",-0.0485452253619714,0,NA,NA,-0.0485452253619714,-0.0485452253619714
"538","Q70","~~","Q70",1,0,NA,NA,1,1
"539","Q70","~~","Q5",-0.0130493824941136,0,NA,NA,-0.0130493824941136,-0.0130493824941136
"540","Q70","~~","Q7_4",-0.00111626259918715,0,NA,NA,-0.00111626259918715,-0.00111626259918715
"541","Q70","~~","RECODED_Q6_activetransport",-0.0757100589515899,0,NA,NA,-0.0757100589515899,-0.0757100589515899
"542","Q70","~~","RECODED_Q6_other",0.0392427242396033,0,NA,NA,0.0392427242396033,0.0392427242396033
"543","Q70","~~","RECODED_Q6_publictransit",0.0083384780978943,0,NA,NA,0.0083384780978943,0.0083384780978943
"544","Q70","~~","Q13",0.0430371054722437,0,NA,NA,0.0430371054722437,0.0430371054722437
"545","Q70","~~","Q17",-0.0587514771941037,0,NA,NA,-0.0587514771941037,-0.0587514771941037
"546","Q70","~~","Q23",0.00494021148018525,0,NA,NA,0.00494021148018525,0.00494021148018525
"547","Q70","~~","Q30",-0.00560283165365254,0,NA,NA,-0.00560283165365254,-0.00560283165365254
"548","Q5","~~","Q5",1,0,NA,NA,1,1
"549","Q5","~~","Q7_4",-0.348110952023551,0,NA,NA,-0.348110952023551,-0.348110952023551
"550","Q5","~~","RECODED_Q6_activetransport",0.383689526878608,0,NA,NA,0.383689526878608,0.383689526878608
"551","Q5","~~","RECODED_Q6_other",0.10918255573107,0,NA,NA,0.10918255573107,0.10918255573107
"552","Q5","~~","RECODED_Q6_publictransit",-0.0799634901073079,0,NA,NA,-0.0799634901073079,-0.0799634901073079
"553","Q5","~~","Q13",-0.338641183000844,0,NA,NA,-0.338641183000844,-0.338641183000844
"554","Q5","~~","Q17",0.0195067543473695,0,NA,NA,0.0195067543473695,0.0195067543473695
"555","Q5","~~","Q23",0.0884931431972535,0,NA,NA,0.0884931431972535,0.0884931431972535
"556","Q5","~~","Q30",0.172212668208924,0,NA,NA,0.172212668208924,0.172212668208924
"557","Q7_4","~~","Q7_4",1,0,NA,NA,1,1
"558","Q7_4","~~","RECODED_Q6_activetransport",-0.463402139998806,0,NA,NA,-0.463402139998806,-0.463402139998806
"559","Q7_4","~~","RECODED_Q6_other",-0.0399773296600959,0,NA,NA,-0.0399773296600959,-0.0399773296600959
"560","Q7_4","~~","RECODED_Q6_publictransit",0.0626894329321431,0,NA,NA,0.0626894329321431,0.0626894329321431
"561","Q7_4","~~","Q13",0.3248748173091,0,NA,NA,0.3248748173091,0.3248748173091
"562","Q7_4","~~","Q17",-0.0493400073100713,0,NA,NA,-0.0493400073100713,-0.0493400073100713
"563","Q7_4","~~","Q23",-0.108181267972324,0,NA,NA,-0.108181267972324,-0.108181267972324
"564","Q7_4","~~","Q30",0.0418890496283268,0,NA,NA,0.0418890496283268,0.0418890496283268
"565","RECODED_Q6_activetransport","~~","RECODED_Q6_activetransport",1,0,NA,NA,1,1
"566","RECODED_Q6_activetransport","~~","RECODED_Q6_other",-0.0660615477897666,0,NA,NA,-0.0660615477897666,-0.0660615477897666
"567","RECODED_Q6_activetransport","~~","RECODED_Q6_publictransit",-0.454041749652835,0,NA,NA,-0.454041749652835,-0.454041749652835
"568","RECODED_Q6_activetransport","~~","Q13",-0.332585345486164,0,NA,NA,-0.332585345486164,-0.332585345486164
"569","RECODED_Q6_activetransport","~~","Q17",0.0395115084733606,0,NA,NA,0.0395115084733606,0.0395115084733606
"570","RECODED_Q6_activetransport","~~","Q23",0.106902774576343,0,NA,NA,0.106902774576343,0.106902774576343
"571","RECODED_Q6_activetransport","~~","Q30",-0.0499117631052533,0,NA,NA,-0.0499117631052533,-0.0499117631052533
"572","RECODED_Q6_other","~~","RECODED_Q6_other",1,0,NA,NA,1,1
"573","RECODED_Q6_other","~~","RECODED_Q6_publictransit",-0.158000254619321,0,NA,NA,-0.158000254619321,-0.158000254619321
"574","RECODED_Q6_other","~~","Q13",-0.0485842098882926,0,NA,NA,-0.0485842098882926,-0.0485842098882926
"575","RECODED_Q6_other","~~","Q17",-0.00533520061426775,0,NA,NA,-0.00533520061426775,-0.00533520061426775
"576","RECODED_Q6_other","~~","Q23",-0.0178462761423893,0,NA,NA,-0.0178462761423893,-0.0178462761423893
"577","RECODED_Q6_other","~~","Q30",0.00469332396972331,0,NA,NA,0.00469332396972331,0.00469332396972331
"578","RECODED_Q6_publictransit","~~","RECODED_Q6_publictransit",1,0,NA,NA,1,1
"579","RECODED_Q6_publictransit","~~","Q13",-0.159965563507647,0,NA,NA,-0.159965563507647,-0.159965563507647
"580","RECODED_Q6_publictransit","~~","Q17",0.0303311390064333,0,NA,NA,0.0303311390064333,0.0303311390064333
"581","RECODED_Q6_publictransit","~~","Q23",-0.0282377332007904,0,NA,NA,-0.0282377332007904,-0.0282377332007904
"582","RECODED_Q6_publictransit","~~","Q30",0.470637015676357,0,NA,NA,0.470637015676357,0.470637015676357
"583","Q13","~~","Q13",1,0,NA,NA,1,1
"584","Q13","~~","Q17",-0.0960830689797089,0,NA,NA,-0.0960830689797089,-0.0960830689797089
"585","Q13","~~","Q23",-0.0514998815055177,0,NA,NA,-0.0514998815055177,-0.0514998815055177
"586","Q13","~~","Q30",-0.187667760878116,0,NA,NA,-0.187667760878116,-0.187667760878116
"587","Q17","~~","Q17",1,0,NA,NA,1,1
"588","Q17","~~","Q23",0.16203473653346,0,NA,NA,0.16203473653346,0.16203473653346
"589","Q17","~~","Q30",0.040102348392365,0,NA,NA,0.040102348392365,0.040102348392365
"590","Q23","~~","Q23",1,0,NA,NA,1,1
"591","Q23","~~","Q30",0.0400783731495169,0,NA,NA,0.0400783731495169,0.0400783731495169
"592","Q30","~~","Q30",1,0,NA,NA,1,1
"593","Q8_8","~1","",4.33263386236597,0.0882024309438218,49.1214790341269,0,4.1597602743672,4.50550745036474
"594","Q8_9","~1","",2.63420041167945,0.0578614246200595,45.526020642883,0,2.52079410332995,2.74760672002894
"595","Q8_10","~1","",4.09946939230241,0.0839244561273631,48.84713683555,0,3.93498048087067,4.26395830373416
"596","Q8_11","~1","",3.19965673648243,0.0677011570145261,47.2614779064397,0,3.06696490702227,3.33234856594259
"597","Q8_12","~1","",2.47459294238009,0.0551593200489588,44.8626440678325,0,2.36648266167242,2.58270322308777
"598","Q8_15","~1","",3.1056976194905,0.0660420853704181,47.0260380493923,0,2.97625751070056,3.23513772828044
"599","Q8_1","~1","",1.8865263690114,0.0456291092460734,41.3447994094635,0,1.79709495824245,1.97595777978035
"600","Q8_2","~1","",1.89052298179839,0.0456910209087315,41.3762473282166,0,1.80097022640041,1.98007573719637
"601","Q8_3","~1","",1.50004569638559,0.0398975136331319,37.5974731202277,0,1.42184800659196,1.57824338617923
"602","Q8_13","~1","",2.70134296795048,0.0590094695037418,45.7781266408298,0,2.58568653297633,2.81699940292462
"603","Q34_1","~1","",3.21565324941642,0.0679844269871859,47.2998507440906,0,3.08240622101195,3.3489002778209
"604","Q34_2","~1","",2.95372629041321,0.06337717380527,46.6055223523962,0,2.82950931231295,3.07794326851348
"605","Q34_3","~1","",2.89147684001291,0.0622927666271524,46.4175376463784,0,2.76938526092633,3.01356841909949
"606","Q34_4","~1","",3.17292289015829,0.0672282710492872,47.1962589642105,0,3.04115790015879,3.30468788015779
"607","Q21_1","~1","",3.25685044466775,0.0687149971636165,47.3965011875486,0,3.12217152502929,3.39152936430621
"608","Q21_2","~1","",2.46910846526846,0.0550671934390835,44.8381025265041,0,2.36117874939816,2.57703818113876
"609","Q21_3","~1","",3.73395338057322,0.0772718522282313,48.3222968377225,0,3.58250333318718,3.88540342795925
"610","Q21_4","~1","",1.836072434307,0.0448516568341919,40.9365576191447,0,1.74816480226504,1.92398006634897
"611","Q21_8","~1","",5.83291033691915,0.116153781406572,50.2171368532744,0,5.60525310869413,6.06056756514417
"612","Q21_9","~1","",3.09740588204854,0.0658960786618167,47.0044036754393,0,2.96825194114896,3.22655982294812
"613","Q21_10","~1","",3.03048585510672,0.0647202124040282,46.8244114557032,0,2.90363656972305,3.1573351404904
"614","Q15_1","~1","",2.9170219719737,0.0627372399492806,46.4958607412749,0,2.79405924118366,3.03998470276373
"615","Q15_2","~1","",3.98235354085498,0.0817851839227747,48.6928481400164,0,3.82205752589736,4.1426495558126
"616","Q15_4","~1","",5.44480394425367,0.108868697836107,50.0125752624541,0,5.23142521745113,5.65818267105622
"617","Q15_6","~1","",2.43234614362951,0.0544509813123927,44.6703821493098,0,2.32562418133435,2.53906810592466
"618","Q15_8","~1","",5.41858704238332,0.10837769594247,49.9972526197608,0,5.20617066160864,5.63100342315799
"619","Q28_1","~1","",2.73415895845045,0.0595728395558449,45.8960657043615,0,2.61739833846421,2.85091957843669
"620","Q28_2","~1","",2.61558480090852,0.0575442624558013,45.453442085864,0,2.50280011897823,2.72836948283881
"621","Q28_3_r","~1","",4.0010153407458,0.0821256085719856,48.7182428272514,0,3.84005210573627,4.16197857575532
"622","Q28_4","~1","",1.88649640069261,0.045628645126961,41.3445631673582,0,1.79706589958041,1.97592690180481
"623","Q28_8","~1","",2.34996972109393,0.0530788313230895,44.2732001160637,0,2.2459371233592,2.45400231882867
"624","Q28_9","~1","",3.62475360212612,0.0752992491906222,48.137978015557,0,3.47716978564959,3.77233741860265
"625","Q28_10","~1","",2.7779528904166,0.0603268937870939,46.0483329412015,0,2.65971435129472,2.89619142953847
"626","Q28_11","~1","",3.48550573431357,0.0727953108320415,47.8809101091081,0,3.34282954683937,3.62818192178777
"627","RECODED_Q63_am_ind_ala","~1","",0.0671913140683396,0,NA,NA,0.0671913140683396,0.0671913140683396
"628","RECODED_Q63_asian","~1","",0.38968583173462,0,NA,NA,0.38968583173462,0.38968583173462
"629","RECODED_Q63_black","~1","",0.138144740998884,0,NA,NA,0.138144740998884,0.138144740998884
"630","RECODED_Q63_hisp_lat","~1","",0.362430589497341,0,NA,NA,0.362430589497341,0.362430589497341
"631","RECODED_Q63_more_than_one_race","~1","",0.383284772062295,0,NA,NA,0.383284772062295,0.383284772062295
"632","RECODED_Q63_nat_haw_pac","~1","",0.0776442916195404,0,NA,NA,0.0776442916195404,0.0776442916195404
"633","RECODED_Q63_other","~1","",0.106600358177805,0,NA,NA,0.106600358177805,0.106600358177805
"634","Q65_female","~1","",1.37463100125466,0,NA,NA,1.37463100125466,1.37463100125466
"635","Q65_nonbinary","~1","",0.191025347087274,0,NA,NA,0.191025347087274,0.191025347087274
"636","Q65_other","~1","",0.0776442916195404,0,NA,NA,0.0776442916195404,0.0776442916195404
"637","Q68_inc_2","~1","",0.421009117773805,0,NA,NA,0.421009117773805,0.421009117773805
"638","Q68_inc_3","~1","",0.304091036416408,0,NA,NA,0.304091036416408,0.304091036416408
"639","Q68_inc_4","~1","",0.218816568700438,0,NA,NA,0.218816568700438,0.218816568700438
"640","Q68_inc_5","~1","",0.156712190552267,0,NA,NA,0.156712190552267,0.156712190552267
"641","Q68_inc_6","~1","",0.168835401833184,0,NA,NA,0.168835401833184,0.168835401833184
"642","Q11","~1","",2.41788209930796,0,NA,NA,2.41788209930796,2.41788209930796
"643","Q64","~1","",3.3099850593976,0,NA,NA,3.3099850593976,3.3099850593976
"644","Q66","~1","",0.65991201759609,0,NA,NA,0.65991201759609,0.65991201759609
"645","Q67","~1","",0.277454942365422,0,NA,NA,0.277454942365422,0.277454942365422
"646","Q69","~1","",3.55901703448477,0,NA,NA,3.55901703448477,3.55901703448477
"647","Q70","~1","",0.363752005669383,0,NA,NA,0.363752005669383,0.363752005669383
"648","Q5","~1","",2.52096680775287,0,NA,NA,2.52096680775287,2.52096680775287
"649","Q7_4","~1","",1.1686691377051,0,NA,NA,1.1686691377051,1.1686691377051
"650","RECODED_Q6_activetransport","~1","",0.435705832176382,0,NA,NA,0.435705832176382,0.435705832176382
"651","RECODED_Q6_other","~1","",0.151619608715781,0,NA,NA,0.151619608715781,0.151619608715781
"652","RECODED_Q6_publictransit","~1","",1.04208325003332,0,NA,NA,1.04208325003332,1.04208325003332
"653","Q13","~1","",1.30589792798689,0,NA,NA,1.30589792798689,1.30589792798689
"654","Q17","~1","",0.26433960863376,0,NA,NA,0.26433960863376,0.26433960863376
"655","Q23","~1","",0.235408550299627,0,NA,NA,0.235408550299627,0.235408550299627
"656","Q30","~1","",1.00215509594556,0,NA,NA,1.00215509594556,1.00215509594556
"657","comf_saf","~1","",0,0,NA,NA,0,0
"658","ex_env","~1","",0,0,NA,NA,0,0
"659","MAX_attitude","~1","",0,0,NA,NA,0,0
"660","bike_attitude","~1","",0,0,NA,NA,0,0
"661","car_attitude","~1","",0,0,NA,NA,0,0
"662","escooter_attitude","~1","",0,0,NA,NA,0,0
