"","lhs","op","rhs","est","se","z","pvalue","ci.lower","ci.upper"
"1","comf_saf","=~","Q8_8",1,0,NA,NA,1,1
"2","comf_saf","=~","Q8_9",1.64296020782205,0.149152134558827,11.0153315115585,0,1.35062739586948,1.93529301977463
"3","comf_saf","=~","Q8_10",1.82890545335026,0.146717188766498,12.4655159271147,0,1.54134504745496,2.11646585924556
"4","comf_saf","=~","Q8_11",2.31527035688797,0.182483378847991,12.6875684322822,0,1.95760950656873,2.67293120720721
"5","comf_saf","=~","Q8_12",1.47518977422115,0.138372986583973,10.6609664981533,0,1.20398370408331,1.74639584435898
"6","comf_saf","=~","Q8_15",1.37047423895737,0.126772101864639,10.8105349583988,0,1.12200548505824,1.61894299285651
"7","ex_env","=~","Q8_1",1,0,NA,NA,1,1
"8","ex_env","=~","Q8_2",0.988313610897197,0.0689993759215692,14.3235152158565,0,0.853077319135182,1.12354990265921
"9","ex_env","=~","Q8_3",0.531689210212752,0.0479047091495148,11.0988923563507,0,0.437797705589837,0.625580714835668
"10","ex_env","=~","Q8_13",0.638479338304698,0.054908466373358,11.6280672267054,0,0.530860721766588,0.746097954842809
"11","MAX_attitude","=~","Q34_1",1,0,NA,NA,1,1
"12","MAX_attitude","=~","Q34_2",1.26009661581503,0.0554551280196984,22.7228150184313,0,1.15140656213836,1.3687866694917
"13","MAX_attitude","=~","Q34_3",1.15026293252172,0.0533823187987161,21.5476389637346,0,1.045635510265,1.25489035477843
"14","MAX_attitude","=~","Q34_4",0.943242238160447,0.0492663077913737,19.1457870590742,0,0.84668204923809,1.03980242708281
"15","bike_attitude","=~","Q21_1",1,0,NA,NA,1,1
"16","bike_attitude","=~","Q21_2",0.824913026548883,0.0560156833698727,14.7264654632876,0,0.715124304574534,0.934701748523233
"17","bike_attitude","=~","Q21_3",0.927100156024205,0.0504563504375364,18.3743007170511,0,0.828207526375302,1.02599278567311
"18","bike_attitude","=~","Q21_4",0.735614251177643,0.0537024179740951,13.6979726226199,0,0.6303594460657,0.840869056289586
"19","bike_attitude","=~","Q21_8",0.43454803095174,0.0358601373124471,12.1178574182678,0,0.364263453338683,0.504832608564797
"20","bike_attitude","=~","Q21_9",0.885078178142357,0.0529412203545791,16.7181295069221,0,0.781315292949783,0.98884106333493
"21","bike_attitude","=~","Q21_10",0.986304520275626,0.0551181575526452,17.894366649204,0,0.878274916578237,1.09433412397301
"22","car_attitude","=~","Q15_1",1,0,NA,NA,1,1
"23","car_attitude","=~","Q15_2",0.901428756339456,0.0602793919734072,14.9541779840303,0,0.783283319061605,1.01957419361731
"24","car_attitude","=~","Q15_4",0.689310756042181,0.0480113598487975,14.3572429152815,0,0.595210219889746,0.783411292194617
"25","car_attitude","=~","Q15_6",0.809169117473175,0.0630267860660734,12.8384956298564,0,0.68563888672236,0.932699348223989
"26","car_attitude","=~","Q15_8",0.605659987594264,0.0466007807422379,12.9967776922954,0,0.51432413568803,0.696995839500498
"27","escooter_attitude","=~","Q28_1",1,0,NA,NA,1,1
"28","escooter_attitude","=~","Q28_2",0.729502357317902,0.043164586215046,16.9004830414341,0,0.644901322928838,0.814103391706967
"29","escooter_attitude","=~","Q28_3_r",0.481411660406803,0.0378974430122904,12.7030116583506,0,0.407134036996555,0.555689283817052
"30","escooter_attitude","=~","Q28_4",0.464476752555007,0.036266731296797,12.8072405741189,0,0.393395265376293,0.535558239733721
"31","escooter_attitude","=~","Q28_8",0.878453429738854,0.0510796295118503,17.197725162338,0,0.778339195551978,0.97856766392573
"32","escooter_attitude","=~","Q28_9",0.566317628655129,0.0422446488693872,13.4056654230002,0,0.483519638331589,0.649115618978668
"33","escooter_attitude","=~","Q28_10",1.01031673550913,0.0492441792822913,20.5164701744243,0,0.91379991766761,1.10683355335066
"34","escooter_attitude","=~","Q28_11",0.719517180060224,0.0430932738036934,16.6967398053326,0,0.635055915429062,0.803978444691387
"35","Q35_1","~","comf_saf",0.073966259294465,0.339061247175562,0.218150142225384,0.827312130219396,-0.59058157372287,0.7385140923118
"36","Q35_1","~","ex_env",-0.0248534400500503,0.196499597488418,-0.126480870025778,0.899351290937996,-0.409985574103966,0.360278694003866
"37","Q35_1","~","car_attitude",1.15708395184928,0.170729279330011,6.77730238416045,1.22439836047761e-11,0.822460713255979,1.49170719044258
"38","Q35_1","~","MAX_attitude",-0.324729980680385,0.159619712592276,-2.03439772824211,0.0419115107360746,-0.63757886858388,-0.0118810927768898
"39","Q35_1","~","bike_attitude",-0.098036366232492,0.183968685939825,-0.532897029359436,0.594104861711847,-0.45860836495771,0.262535632492726
"40","Q35_1","~","escooter_attitude",0.0107832218609118,0.145426672836311,0.0741488590132926,0.94089193836036,-0.274247819289747,0.295814263011571
"41","Q35_1","~","RECODED_Q63_am_ind_ala",-0.0785688571949878,1.66656938690992,-0.0471440660149571,0.962398406760247,-3.34498483327543,3.18784711888545
"42","Q35_1","~","RECODED_Q63_asian",0.787807056919568,0.28764906618553,2.73877842666606,0.00616679189865232,0.224025247009351,1.35158886682978
"43","Q35_1","~","RECODED_Q63_black",0.244006373250664,0.643952106552991,0.378920063724623,0.704747224582306,-1.0181165633619,1.50612930986323
"44","Q35_1","~","RECODED_Q63_hisp_lat",0.261388188949563,0.31639216617136,0.826152531248179,0.408717571675265,-0.358729061736913,0.88150543963604
"45","Q35_1","~","RECODED_Q63_more_than_one_race",0.379585471808977,0.287146641151296,1.32192203358902,0.186194114535676,-0.183211603129209,0.942382546747163
"46","Q35_1","~","RECODED_Q63_nat_haw_pac",-2.30833705809959,1.46232892457194,-1.5785347737516,0.114442805942737,-5.17444908381178,0.5577749676126
"47","Q35_1","~","RECODED_Q63_other",-2.2294789408115,0.984125501311425,-2.26544169197988,0.0234855883224854,-4.15832947964932,-0.300628401973686
"48","Q35_1","~","Q65_female",-0.0670707218476044,0.203501171899129,-0.329583958763883,0.741714345011451,-0.465925689581592,0.331784245886383
"49","Q35_1","~","Q65_nonbinary",0.550917159997503,0.488272404597728,1.12829878324045,0.259193757179782,-0.406079167658813,1.50791348765382
"50","Q35_1","~","Q65_other",2.00690155699747,1.14160211964974,1.75796936818339,0.0787527214718895,-0.230597482190609,4.24440059618554
"51","Q35_1","~","Q68_inc_2",0.212215690198802,0.302560766141773,0.701398574920858,0.483054311091562,-0.380792514573918,0.805223894971523
"52","Q35_1","~","Q68_inc_3",0.325391986509687,0.411741740977906,0.790281757047184,0.429363238395957,-0.48160699673883,1.1323909697582
"53","Q35_1","~","Q68_inc_4",1.0416001560693,0.530243955887068,1.96437912116652,0.0494861422791719,0.00234109951059902,2.080859212628
"54","Q35_1","~","Q68_inc_5",0.0394175414383974,0.676486355711516,0.0582680509452977,0.953535115913072,-1.28647135178893,1.36530643466572
"55","Q35_1","~","Q68_inc_6",-0.663682275246503,0.740788439578933,-0.89591338064582,0.370299027166318,-2.11560093698484,0.78823638649183
"56","Q35_1","~","Q11",0.996314530110783,0.250026275351615,3.98483930822732,6.75258056246353e-05,0.506272035232923,1.48635702498864
"57","Q35_1","~","Q64",0.00775283380886967,0.015848834907232,0.489173737643766,0.624718700830051,-0.0233103118062262,0.0388159794239656
"58","Q35_1","~","Q66",0.336822656247741,0.257616127902953,1.30745950957941,0.191056697815173,-0.168095676278712,0.841740988774194
"59","Q35_1","~","Q67",-0.212699590681234,0.243734097107509,-0.872670640691745,0.38284262474958,-0.69040964281634,0.265010461453872
"60","Q35_1","~","Q69",0.0875476560778999,0.101511076626771,0.862444365552239,0.388443035599705,-0.111410398142456,0.286505710298256
"61","Q35_1","~","Q70",0.60243732092935,0.322551987157613,1.86772162291771,0.0618008830753267,-0.0297529570413978,1.2346275989001
"62","Q35_1","~","Q5",-0.0580770176571252,0.0702612416428218,-0.826586839332615,0.408471279294293,-0.195786520786122,0.0796324854718713
"63","Q35_1","~","Q7_4",0.0826821539064817,0.0152125417312945,5.43513078661878,5.47562544195301e-08,0.0528661199998319,0.112498187813132
"64","Q35_1","~","RECODED_Q6_activetransport",-0.516726505949725,0.995752963163683,-0.518930422569865,0.60380926175309,-2.46836645124958,1.43491343935013
"65","Q35_1","~","RECODED_Q6_other",-0.397943556529736,1.11911809535322,-0.355586741186716,0.722150074512756,-2.59137471786911,1.79548760480964
"66","Q35_1","~","RECODED_Q6_publictransit",0.0753591246332532,0.972578185904442,0.0774838729938956,0.938238620187685,-1.83085909188875,1.98157734115526
"67","Q35_1","~","Q13",1.18489154127383,0.102706987522661,11.5366205343371,0,0.983589544768813,1.38619353777885
"68","Q35_1","~","Q17",-0.724818393352518,0.149667460888568,-4.84285888896163,1.27984183118102e-06,-1.01816122635167,-0.431475560353368
"69","Q35_1","~","Q23",-0.522579105824184,0.32377676620053,-1.61401051705028,0.106525145090739,-1.15716990660807,0.112011694959699
"70","Q35_1","~","Q30",0.00944695141342545,0.105040904774423,0.0899359295668,0.928338129165281,-0.196429438847945,0.215323341674796
"71","Q35_1","~1","",2.32700015040213,1.18221514476337,1.9683389784927,0.0490290479228002,0.00990104468812092,4.64409925611613
"72","Q8_8","~~","Q8_8",0.732100373352112,0.0347308583141805,21.0792479336221,0,0.664029141904155,0.80017160480007
"73","Q8_9","~~","Q8_9",1.06948494365842,0.0530941925949487,20.1431623947545,0,0.965422238384091,1.17354764893276
"74","Q8_10","~~","Q8_10",0.447256889848707,0.0281644454443637,15.8801951464737,0,0.392055591133211,0.502458188564203
"75","Q8_11","~~","Q8_11",0.48709488805596,0.0370504814013863,13.1467897212729,0,0.414477278899372,0.559712497212548
"76","Q8_12","~~","Q8_12",1.03332510407639,0.0504469640497865,20.4833952555915,0,0.934450871409426,1.13219933674336
"77","Q8_15","~~","Q8_15",0.827775080358488,0.0406747998039084,20.3510548140165,0,0.748053937664451,0.907496223052526
"78","Q8_1","~~","Q8_1",0.707517563761207,0.0528585984576684,13.3850988184604,0,0.603916614510913,0.811118513011502
"79","Q8_2","~~","Q8_2",1.11251350450247,0.0668428133425102,16.6437265110585,0,0.981503997725816,1.24352301127912
"80","Q8_3","~~","Q8_3",0.856064861346009,0.0424544501595683,20.1643139442019,0,0.772855668049805,0.939274054642214
"81","Q8_13","~~","Q8_13",1.07358165451317,0.054063689889514,19.8577207124999,0,0.967618769458381,1.17954453956796
"82","Q34_1","~~","Q34_1",0.510601714854931,0.0269398519805615,18.9533971910223,0,0.45780057522419,0.563402854485672
"83","Q34_2","~~","Q34_2",0.239575502837506,0.0212799637748117,11.2582664788689,0,0.197867540246559,0.281283465428454
"84","Q34_3","~~","Q34_3",0.373259413660545,0.0233250286430849,16.0025275583618,0,0.327543197581734,0.418975629739357
"85","Q34_4","~~","Q34_4",0.462971275483826,0.0243446579366875,19.0173662200497,0,0.415256622711972,0.510685928255681
"86","Q21_1","~~","Q21_1",0.595419415430408,0.0328186116979661,18.1427362287634,0,0.53109611847979,0.659742712381027
"87","Q21_2","~~","Q21_2",0.802200902049301,0.0398180644997696,20.1466573558326,0,0.72415892969566,0.880242874402942
"88","Q21_3","~~","Q21_3",0.418594492578808,0.0242782000341488,17.2415785350656,0,0.371010094902417,0.466178890255199
"89","Q21_4","~~","Q21_4",0.797265217580479,0.0387929567245566,20.5518033400067,0,0.721232419546527,0.873298015614431
"90","Q21_8","~~","Q21_8",0.392400917831409,0.0186663267209129,21.0218605780526,0,0.355815589734762,0.428986245928056
"91","Q21_9","~~","Q21_9",0.588644071226686,0.031004158696985,18.985971429824,0,0.527877036809631,0.649411105643741
"92","Q21_10","~~","Q21_10",0.542873752489445,0.0303775693695803,17.8708752462951,0,0.483334810587201,0.60241269439169
"93","Q15_1","~~","Q15_1",0.914192517535213,0.0508602050232876,17.9746132976976,0,0.814508347443246,1.01387668762718
"94","Q15_2","~~","Q15_2",0.49314916141998,0.031144241492003,15.8343609539056,0,0.432107569769836,0.554190753070124
"95","Q15_4","~~","Q15_4",0.378199291889976,0.0218121418995609,17.3389341418868,0,0.33544827934116,0.420950304438792
"96","Q15_6","~~","Q15_6",0.865696089630072,0.0448826481042422,19.2879904861997,0,0.777727715814973,0.953664463445172
"97","Q15_8","~~","Q15_8",0.462362177240507,0.0241509170752214,19.1447047663,0,0.415027249579459,0.509697104901554
"98","Q28_1","~~","Q28_1",0.555238673804035,0.0320593165456091,17.3191051348249,0,0.492403568005672,0.618073779602398
"99","Q28_2","~~","Q28_2",0.552995000119819,0.0282193540418773,19.5963025694769,0,0.497686082530754,0.608303917708883
"100","Q28_3_r","~~","Q28_3_r",0.54844101885622,0.0260641091251739,21.0420013291961,0,0.497356303681758,0.599525734030683
"101","Q28_4","~~","Q28_4",0.499906685889271,0.0237845550300335,21.0181222754861,0,0.453289814642094,0.546523557136448
"102","Q28_8","~~","Q28_8",0.755746124916957,0.0388804394908533,19.4376950161468,0,0.679541863811796,0.831950386022119
"103","Q28_9","~~","Q28_9",0.65943094326666,0.0315935352270033,20.8723379175065,0,0.597508752077436,0.721353134455884
"104","Q28_10","~~","Q28_10",0.466824349007323,0.0286582816434047,16.2893349579023,0,0.410655149127444,0.522993548887202
"105","Q28_11","~~","Q28_11",0.56008503783017,0.0284324011226321,19.698830057105,0,0.504358555635815,0.615811520024525
"106","Q35_1","~~","Q35_1",7.96704396561917,0.370893458843784,21.4806807066791,0,7.24010614418386,8.69398178705447
"107","comf_saf","~~","comf_saf",0.172110334269365,0.0262339178706113,6.56060353311439,5.35904653986563e-11,0.120692800069585,0.223527868469145
"108","ex_env","~~","ex_env",0.738207662226915,0.0707945689226806,10.4274617878267,0,0.599452856837423,0.876962467616408
"109","MAX_attitude","~~","MAX_attitude",0.464087508145967,0.0399831143267904,11.6070875408274,0,0.38572204407571,0.542452972216223
"110","bike_attitude","~~","bike_attitude",0.501860423596278,0.0456635078271942,10.9904045369332,0,0.412361592847215,0.591359254345341
"111","car_attitude","~~","car_attitude",0.542702614348561,0.0592063410087647,9.16629207449623,0,0.426660318314985,0.658744910382137
"112","escooter_attitude","~~","escooter_attitude",0.596956169694885,0.0497575113469021,11.9973076131761,0,0.499433239494614,0.694479099895156
"113","comf_saf","~~","ex_env",0.180022578530046,0.021415024786289,8.40636797419471,0,0.138049901220887,0.221995255839205
"114","comf_saf","~~","MAX_attitude",-0.0346999583926858,0.0110899086953598,-3.1289670046792,0.00175422005488191,-0.0564357800274286,-0.012964136757943
"115","comf_saf","~~","bike_attitude",0.00718493029911995,0.0114680021601163,0.626519789480672,0.530974060888402,-0.0152919409093355,0.0296618015075754
"116","comf_saf","~~","car_attitude",0.0356958485840796,0.0128314793438741,2.78189658631382,0.00540422573662491,0.0105466112017168,0.0608450859664425
"117","comf_saf","~~","escooter_attitude",0.0294477871291978,0.0126256130714845,2.33238472955479,0.0196804607133467,0.00470204022635004,0.0541935340320456
"118","ex_env","~~","MAX_attitude",0.0653254479780706,0.0244478614693512,2.67203117376811,0.0075393644053463,0.0174085199991178,0.113242375957023
"119","ex_env","~~","bike_attitude",0.241498926683748,0.0293893811408524,8.21721714813705,2.22044604925031e-16,0.183896798119756,0.299101055247739
"120","ex_env","~~","car_attitude",-0.0670812481808153,0.0284102142468915,-2.36116657191894,0.0182175458156639,-0.122764244897789,-0.0113982514638413
"121","ex_env","~~","escooter_attitude",0.125297970074974,0.0288252980306946,4.34680571009365,1.38134475462515e-05,0.0688014240911797,0.181794516058769
"122","MAX_attitude","~~","bike_attitude",0.164793166269231,0.0207516350113567,7.94121360456874,1.99840144432528e-15,0.124120709026651,0.20546562351181
"123","MAX_attitude","~~","car_attitude",-0.0402363391807883,0.0200250463969286,-2.00930067193051,0.044505256700061,-0.0794847089075119,-0.000987969454064631
"124","MAX_attitude","~~","escooter_attitude",0.0453839000042743,0.01995422744069,2.27440025624489,0.0229419320615705,0.00627433288120097,0.0844934671273476
"125","bike_attitude","~~","car_attitude",-0.0775571340964299,0.021884112443267,-3.5439926703672,0.000394116201979156,-0.120449206318858,-0.0346650618740018
"126","bike_attitude","~~","escooter_attitude",0.100805740595111,0.0219831175654503,4.58559802971448,4.52688810415047e-06,0.0577196218989182,0.143891859291303
"127","car_attitude","~~","escooter_attitude",0.148041343823335,0.0248639643701122,5.95405228304172,2.61583177341151e-09,0.0993088691450276,0.196773818501642
"128","RECODED_Q63_am_ind_ala","~~","RECODED_Q63_am_ind_ala",0.00304565685392047,0,NA,NA,0.00304565685392047,0.00304565685392047
"129","RECODED_Q63_am_ind_ala","~~","RECODED_Q63_asian",-0.000426205300293262,0,NA,NA,-0.000426205300293262,-0.000426205300293262
"130","RECODED_Q63_am_ind_ala","~~","RECODED_Q63_black",-6.5330739461011e-05,0,NA,NA,-6.5330739461011e-05,-6.5330739461011e-05
"131","RECODED_Q63_am_ind_ala","~~","RECODED_Q63_hisp_lat",-0.000326653697305055,0,NA,NA,-0.000326653697305055,-0.000326653697305055
"132","RECODED_Q63_am_ind_ala","~~","RECODED_Q63_more_than_one_race",-0.000391984436766066,0,NA,NA,-0.000391984436766066,-0.000391984436766066
"133","RECODED_Q63_am_ind_ala","~~","RECODED_Q63_nat_haw_pac",-1.24439503735259e-05,0,NA,NA,-1.24439503735259e-05,-1.24439503735259e-05
"134","RECODED_Q63_am_ind_ala","~~","RECODED_Q63_other",-2.79988883404333e-05,0,NA,NA,-2.79988883404333e-05,-2.79988883404333e-05
"135","RECODED_Q63_am_ind_ala","~~","Q65_female",9.85146071237468e-05,0,NA,NA,9.85146071237468e-05,9.85146071237468e-05
"136","RECODED_Q63_am_ind_ala","~~","Q65_nonbinary",-0.000127550491328641,0,NA,NA,-0.000127550491328641,-0.000127550491328641
"137","RECODED_Q63_am_ind_ala","~~","Q65_other",-2.17769131536703e-05,0,NA,NA,-2.17769131536703e-05,-2.17769131536703e-05
"138","RECODED_Q63_am_ind_ala","~~","Q68_inc_2",0.000595235626200323,0,NA,NA,0.000595235626200323,0.000595235626200323
"139","RECODED_Q63_am_ind_ala","~~","Q68_inc_3",-0.000220880119130085,0,NA,NA,-0.000220880119130085,-0.000220880119130085
"140","RECODED_Q63_am_ind_ala","~~","Q68_inc_4",-0.000118217528548496,0,NA,NA,-0.000118217528548496,-0.000118217528548496
"141","RECODED_Q63_am_ind_ala","~~","Q68_inc_5",-6.22197518676296e-05,0,NA,NA,-6.22197518676296e-05,-6.22197518676296e-05
"142","RECODED_Q63_am_ind_ala","~~","Q68_inc_6",-5.91087642742481e-05,0,NA,NA,-5.91087642742481e-05,-5.91087642742481e-05
"143","RECODED_Q63_am_ind_ala","~~","Q11",-0.000436575258937867,0,NA,NA,-0.000436575258937867,-0.000436575258937867
"144","RECODED_Q63_am_ind_ala","~~","Q64",-0.003963398193968,0,NA,NA,-0.003963398193968,-0.003963398193968
"145","RECODED_Q63_am_ind_ala","~~","Q66",-0.00084307763780638,0,NA,NA,-0.00084307763780638,-0.00084307763780638
"146","RECODED_Q63_am_ind_ala","~~","Q67",-0.000286210858591096,0,NA,NA,-0.000286210858591096,-0.000286210858591096
"147","RECODED_Q63_am_ind_ala","~~","Q69",0.000764265952107383,0,NA,NA,0.000764265952107383,0.000764265952107383
"148","RECODED_Q63_am_ind_ala","~~","Q70",-0.000332875672491818,0,NA,NA,-0.000332875672491818,-0.000332875672491818
"149","RECODED_Q63_am_ind_ala","~~","Q5",-0.00183963066355291,0,NA,NA,-0.00183963066355291,-0.00183963066355291
"150","RECODED_Q63_am_ind_ala","~~","Q7_4",0.0308236650752237,0,NA,NA,0.0308236650752237,0.0308236650752237
"151","RECODED_Q63_am_ind_ala","~~","RECODED_Q6_activetransport",0.000243694028148216,0,NA,NA,0.000243694028148216,0.000243694028148216
"152","RECODED_Q63_am_ind_ala","~~","RECODED_Q6_other",-9.02186402080629e-05,0,NA,NA,-9.02186402080629e-05,-9.02186402080629e-05
"153","RECODED_Q63_am_ind_ala","~~","RECODED_Q6_publictransit",-0.00012547649959972,0,NA,NA,-0.00012547649959972,-0.00012547649959972
"154","RECODED_Q63_am_ind_ala","~~","Q13",0.0026878932806816,0,NA,NA,0.0026878932806816,0.0026878932806816
"155","RECODED_Q63_am_ind_ala","~~","Q17",0.00138957445837706,0,NA,NA,0.00138957445837706,0.00138957445837706
"156","RECODED_Q63_am_ind_ala","~~","Q23",-0.000214658143943322,0,NA,NA,-0.000214658143943322,-0.000214658143943322
"157","RECODED_Q63_am_ind_ala","~~","Q30",0.00133357668169619,0,NA,NA,0.00133357668169619,0.00133357668169619
"158","RECODED_Q63_asian","~~","RECODED_Q63_asian",0.120047826249269,0,NA,NA,0.120047826249269,0.120047826249269
"159","RECODED_Q63_asian","~~","RECODED_Q63_black",-0.00298343710205284,0,NA,NA,-0.00298343710205284,-0.00298343710205284
"160","RECODED_Q63_asian","~~","RECODED_Q63_hisp_lat",-0.0149171855102642,0,NA,NA,-0.0149171855102642,-0.0149171855102642
"161","RECODED_Q63_asian","~~","RECODED_Q63_more_than_one_race",-0.017900622612317,0,NA,NA,-0.017900622612317,-0.017900622612317
"162","RECODED_Q63_asian","~~","RECODED_Q63_nat_haw_pac",-0.00056827373372435,0,NA,NA,-0.00056827373372435,-0.00056827373372435
"163","RECODED_Q63_asian","~~","RECODED_Q63_other",-0.00127861590087979,0,NA,NA,-0.00127861590087979,-0.00127861590087979
"164","RECODED_Q63_asian","~~","Q65_female",-0.000932259282149983,0,NA,NA,-0.000932259282149983,-0.000932259282149983
"165","RECODED_Q63_asian","~~","Q65_nonbinary",-0.00582480577067459,0,NA,NA,-0.00582480577067459,-0.00582480577067459
"166","RECODED_Q63_asian","~~","Q65_other",-0.000994479034017612,0,NA,NA,-0.000994479034017612,-0.000994479034017612
"167","RECODED_Q63_asian","~~","Q68_inc_2",-0.00302802792422464,0,NA,NA,-0.00302802792422464,-0.00302802792422464
"168","RECODED_Q63_asian","~~","Q68_inc_3",-0.0070318689569066,0,NA,NA,-0.0070318689569066,-0.0070318689569066
"169","RECODED_Q63_asian","~~","Q68_inc_4",-0.00132528071478051,0,NA,NA,-0.00132528071478051,-0.00132528071478051
"170","RECODED_Q63_asian","~~","Q68_inc_5",0.000213621148078861,0,NA,NA,0.000213621148078861,0.000213621148078861
"171","RECODED_Q63_asian","~~","Q68_inc_6",0.00239234945931036,0,NA,NA,0.00239234945931036,0.00239234945931036
"172","RECODED_Q63_asian","~~","Q11",-0.0111114106876942,0,NA,NA,-0.0111114106876942,-0.0111114106876942
"173","RECODED_Q63_asian","~~","Q64",-0.311341416370432,0,NA,NA,-0.311341416370432,-0.311341416370432
"174","RECODED_Q63_asian","~~","Q66",-0.01507895686512,0,NA,NA,-0.01507895686512,-0.01507895686512
"175","RECODED_Q63_asian","~~","Q67",-0.00390532642555822,0,NA,NA,-0.00390532642555822,-0.00390532642555822
"176","RECODED_Q63_asian","~~","Q69",-0.0183911216562068,0,NA,NA,-0.0183911216562068,-0.0183911216562068
"177","RECODED_Q63_asian","~~","Q70",-0.00501802298812432,0,NA,NA,-0.00501802298812432,-0.00501802298812432
"178","RECODED_Q63_asian","~~","Q5",0.0246120598471053,0,NA,NA,0.0246120598471053,0.0246120598471053
"179","RECODED_Q63_asian","~~","Q7_4",0.346514242101203,0,NA,NA,0.346514242101203,0.346514242101203
"180","RECODED_Q63_asian","~~","RECODED_Q6_activetransport",-0.0119534513296361,0,NA,NA,-0.0119534513296361,-0.0119534513296361
"181","RECODED_Q63_asian","~~","RECODED_Q6_other",-0.00411998456950154,0,NA,NA,-0.00411998456950154,-0.00411998456950154
"182","RECODED_Q63_asian","~~","RECODED_Q6_publictransit",0.0142970619833168,0,NA,NA,0.0142970619833168,0.0142970619833168
"183","RECODED_Q63_asian","~~","Q13",-0.0259290445949702,0,NA,NA,-0.0259290445949702,-0.0259290445949702
"184","RECODED_Q63_asian","~~","Q17",-0.00511031562006131,0,NA,NA,-0.00511031562006131,-0.00511031562006131
"185","RECODED_Q63_asian","~~","Q23",0.00343556729895761,0,NA,NA,0.00343556729895761,0.00343556729895761
"186","RECODED_Q63_asian","~~","Q30",0.0361206399508879,0,NA,NA,0.0361206399508879,0.0361206399508879
"187","RECODED_Q63_black","~~","RECODED_Q63_black",0.0209276135406772,0,NA,NA,0.0209276135406772,0.0209276135406772
"188","RECODED_Q63_black","~~","RECODED_Q63_hisp_lat",-0.00228657588113539,0,NA,NA,-0.00228657588113539,-0.00228657588113539
"189","RECODED_Q63_black","~~","RECODED_Q63_more_than_one_race",-0.00274389105736246,0,NA,NA,-0.00274389105736246,-0.00274389105736246
"190","RECODED_Q63_black","~~","RECODED_Q63_nat_haw_pac",-8.71076526146814e-05,0,NA,NA,-8.71076526146814e-05,-8.71076526146814e-05
"191","RECODED_Q63_black","~~","RECODED_Q63_other",-0.000195992218383033,0,NA,NA,-0.000195992218383033,-0.000195992218383033
"192","RECODED_Q63_black","~~","Q65_female",0.00170793218876643,0,NA,NA,0.00170793218876643,0.00170793218876643
"193","RECODED_Q63_black","~~","Q65_nonbinary",-0.000892853439300484,0,NA,NA,-0.000892853439300484,-0.000892853439300484
"194","RECODED_Q63_black","~~","Q65_other",-0.000152438392075692,0,NA,NA,-0.000152438392075692,-0.000152438392075692
"195","RECODED_Q63_black","~~","Q68_inc_2",0.00314831944450206,0,NA,NA,0.00314831944450206,0.00314831944450206
"196","RECODED_Q63_black","~~","Q68_inc_3",-0.000527830895010391,0,NA,NA,-0.000527830895010391,-0.000527830895010391
"197","RECODED_Q63_black","~~","Q68_inc_4",-0.000827522699839473,0,NA,NA,-0.000827522699839473,-0.000827522699839473
"198","RECODED_Q63_black","~~","Q68_inc_5",0.000582791675826797,0,NA,NA,0.000582791675826797,0.000582791675826797
"199","RECODED_Q63_black","~~","Q68_inc_6",-0.000413761349919737,0,NA,NA,-0.000413761349919737,-0.000413761349919737
"200","RECODED_Q63_black","~~","Q11",-0.00203769687366487,0,NA,NA,-0.00203769687366487,-0.00203769687366487
"201","RECODED_Q63_black","~~","Q64",-0.00839551851867215,0,NA,NA,-0.00839551851867215,-0.00839551851867215
"202","RECODED_Q63_black","~~","Q66",-0.00182822370904385,0,NA,NA,-0.00182822370904385,-0.00182822370904385
"203","RECODED_Q63_black","~~","Q67",0.00105151380656294,0,NA,NA,0.00105151380656294,0.00105151380656294
"204","RECODED_Q63_black","~~","Q69",0.00636819160365189,0,NA,NA,0.00636819160365189,0.00636819160365189
"205","RECODED_Q63_black","~~","Q70",-0.00131179976854252,0,NA,NA,-0.00131179976854252,-0.00131179976854252
"206","RECODED_Q63_black","~~","Q5",0.00137920449973246,0,NA,NA,0.00137920449973246,0.00137920449973246
"207","RECODED_Q63_black","~~","Q7_4",-0.000120291520277417,0,NA,NA,-0.000120291520277417,-0.000120291520277417
"208","RECODED_Q63_black","~~","RECODED_Q6_activetransport",-0.0013491316196631,0,NA,NA,-0.0013491316196631,-0.0013491316196631
"209","RECODED_Q63_black","~~","RECODED_Q6_other",0.000386799457443764,0,NA,NA,0.000386799457443764,0.000386799457443764
"210","RECODED_Q63_black","~~","RECODED_Q6_publictransit",0.00115832438060237,0,NA,NA,0.00115832438060237,0.00115832438060237
"211","RECODED_Q63_black","~~","Q13",-0.0015513458132329,0,NA,NA,-0.0015513458132329,-0.0015513458132329
"212","RECODED_Q63_black","~~","Q17",-0.00147460811926282,0,NA,NA,-0.00147460811926282,-0.00147460811926282
"213","RECODED_Q63_black","~~","Q23",0.000534052870197154,0,NA,NA,0.000534052870197154,0.000534052870197154
"214","RECODED_Q63_black","~~","Q30",0.0134083565274742,0,NA,NA,0.0134083565274742,0.0134083565274742
"215","RECODED_Q63_hisp_lat","~~","RECODED_Q63_hisp_lat",0.0954917641788445,0,NA,NA,0.0954917641788445,0.0954917641788445
"216","RECODED_Q63_hisp_lat","~~","RECODED_Q63_more_than_one_race",-0.0137194552868123,0,NA,NA,-0.0137194552868123,-0.0137194552868123
"217","RECODED_Q63_hisp_lat","~~","RECODED_Q63_nat_haw_pac",-0.000435538263073407,0,NA,NA,-0.000435538263073407,-0.000435538263073407
"218","RECODED_Q63_hisp_lat","~~","RECODED_Q63_other",-0.000979961091915165,0,NA,NA,-0.000979961091915165,-0.000979961091915165
"219","RECODED_Q63_hisp_lat","~~","Q65_female",0.00446634118823134,0,NA,NA,0.00446634118823134,0.00446634118823134
"220","RECODED_Q63_hisp_lat","~~","Q65_nonbinary",-0.00242760731870201,0,NA,NA,-0.00242760731870201,-0.00242760731870201
"221","RECODED_Q63_hisp_lat","~~","Q65_other",0.000256137978521742,0,NA,NA,0.000256137978521742,0.000256137978521742
"222","RECODED_Q63_hisp_lat","~~","Q68_inc_2",-0.0046250015554938,0,NA,NA,-0.0046250015554938,-0.0046250015554938
"223","RECODED_Q63_hisp_lat","~~","Q68_inc_3",-0.00365748441395216,0,NA,NA,-0.00365748441395216,-0.00365748441395216
"224","RECODED_Q63_hisp_lat","~~","Q68_inc_4",-0.00108262368249675,0,NA,NA,-0.00108262368249675,-0.00108262368249675
"225","RECODED_Q63_hisp_lat","~~","Q68_inc_5",-0.00115936137646683,0,NA,NA,-0.00115936137646683,-0.00115936137646683
"226","RECODED_Q63_hisp_lat","~~","Q68_inc_6",-0.00206880674959868,0,NA,NA,-0.00206880674959868,-0.00206880674959868
"227","RECODED_Q63_hisp_lat","~~","Q11",-0.00713349455162373,0,NA,NA,-0.00713349455162373,-0.00713349455162373
"228","RECODED_Q63_hisp_lat","~~","Q64",-0.251753560006803,0,NA,NA,-0.251753560006803,-0.251753560006803
"229","RECODED_Q63_hisp_lat","~~","Q66",-0.0111777784230196,0,NA,NA,-0.0111777784230196,-0.0111777784230196
"230","RECODED_Q63_hisp_lat","~~","Q67",-0.00492573035618734,0,NA,NA,-0.00492573035618734,-0.00492573035618734
"231","RECODED_Q63_hisp_lat","~~","Q69",-0.0129655592933495,0,NA,NA,-0.0129655592933495,-0.0129655592933495
"232","RECODED_Q63_hisp_lat","~~","Q70",-0.00961398865941323,0,NA,NA,-0.00961398865941323,-0.00961398865941323
"233","RECODED_Q63_hisp_lat","~~","Q5",-0.00837892658484078,0,NA,NA,-0.00837892658484078,-0.00837892658484078
"234","RECODED_Q63_hisp_lat","~~","Q7_4",0.302860864190874,0,NA,NA,0.302860864190874,0.302860864190874
"235","RECODED_Q63_hisp_lat","~~","RECODED_Q6_activetransport",-0.00776398803721571,0,NA,NA,-0.00776398803721571,-0.00776398803721571
"236","RECODED_Q63_hisp_lat","~~","RECODED_Q6_other",-0.00112099252948179,0,NA,NA,-0.00112099252948179,-0.00112099252948179
"237","RECODED_Q63_hisp_lat","~~","RECODED_Q6_publictransit",0.00884661171971246,0,NA,NA,0.00884661171971246,0.00884661171971246
"238","RECODED_Q63_hisp_lat","~~","Q13",-0.0179400284551665,0,NA,NA,-0.0179400284551665,-0.0179400284551665
"239","RECODED_Q63_hisp_lat","~~","Q17",-0.0124646902908151,0,NA,NA,-0.0124646902908151,-0.0124646902908151
"240","RECODED_Q63_hisp_lat","~~","Q23",-0.00140305540461505,0,NA,NA,-0.00140305540461505,-0.00140305540461505
"241","RECODED_Q63_hisp_lat","~~","Q30",0.0212169353868617,0,NA,NA,0.0212169353868617,0.0212169353868617
"242","RECODED_Q63_more_than_one_race","~~","RECODED_Q63_more_than_one_race",0.111846225957251,0,NA,NA,0.111846225957251,0.111846225957251
"243","RECODED_Q63_more_than_one_race","~~","RECODED_Q63_nat_haw_pac",-0.000522645915688088,0,NA,NA,-0.000522645915688088,-0.000522645915688088
"244","RECODED_Q63_more_than_one_race","~~","RECODED_Q63_other",-0.0011759533102982,0,NA,NA,-0.0011759533102982,-0.0011759533102982
"245","RECODED_Q63_more_than_one_race","~~","Q65_female",0.00108262368249675,0,NA,NA,0.00108262368249675,0.00108262368249675
"246","RECODED_Q63_more_than_one_race","~~","Q65_nonbinary",0.00380784881429893,0,NA,NA,0.00380784881429893,0.00380784881429893
"247","RECODED_Q63_more_than_one_race","~~","Q65_other",0.000103699586446049,0,NA,NA,0.000103699586446049,0.000103699586446049
"248","RECODED_Q63_more_than_one_race","~~","Q68_inc_2",0.000559977766808666,0,NA,NA,0.000559977766808666,0.000559977766808666
"249","RECODED_Q63_more_than_one_race","~~","Q68_inc_3",-0.00418531530896255,0,NA,NA,-0.00418531530896255,-0.00418531530896255
"250","RECODED_Q63_more_than_one_race","~~","Q68_inc_4",-0.00292847632123643,0,NA,NA,-0.00292847632123643,-0.00292847632123643
"251","RECODED_Q63_more_than_one_race","~~","Q68_inc_5",-0.000576569700640034,0,NA,NA,-0.000576569700640034,-0.000576569700640034
"252","RECODED_Q63_more_than_one_race","~~","Q68_inc_6",0.000572421717182192,0,NA,NA,0.000572421717182192,0.000572421717182192
"253","RECODED_Q63_more_than_one_race","~~","Q11",-0.00713453154748819,0,NA,NA,-0.00713453154748819,-0.00713453154748819
"254","RECODED_Q63_more_than_one_race","~~","Q64",-0.269314047975577,0,NA,NA,-0.269314047975577,-0.269314047975577
"255","RECODED_Q63_more_than_one_race","~~","Q66",-0.00180437280416126,0,NA,NA,-0.00180437280416126,-0.00180437280416126
"256","RECODED_Q63_more_than_one_race","~~","Q67",0.000199103205976415,0,NA,NA,0.000199103205976415,0.000199103205976415
"257","RECODED_Q63_more_than_one_race","~~","Q69",-0.00659736768969765,0,NA,NA,-0.00659736768969765,-0.00659736768969765
"258","RECODED_Q63_more_than_one_race","~~","Q70",-0.00176081897785392,0,NA,NA,-0.00176081897785392,-0.00176081897785392
"259","RECODED_Q63_more_than_one_race","~~","Q5",0.039843455104301,0,NA,NA,0.039843455104301,0.039843455104301
"260","RECODED_Q63_more_than_one_race","~~","Q7_4",-0.189112787818202,0,NA,NA,-0.189112787818202,-0.189112787818202
"261","RECODED_Q63_more_than_one_race","~~","RECODED_Q6_activetransport",0.00616182942662425,0,NA,NA,0.00616182942662425,0.00616182942662425
"262","RECODED_Q63_more_than_one_race","~~","RECODED_Q6_other",0.00232079674466258,0,NA,NA,0.00232079674466258,0.00232079674466258
"263","RECODED_Q63_more_than_one_race","~~","RECODED_Q6_publictransit",-0.00730667286098863,0,NA,NA,-0.00730667286098863,-0.00730667286098863
"264","RECODED_Q63_more_than_one_race","~~","Q13",-0.0164363844516988,0,NA,NA,-0.0164363844516988,-0.0164363844516988
"265","RECODED_Q63_more_than_one_race","~~","Q17",-0.00986597865447713,0,NA,NA,-0.00986597865447713,-0.00986597865447713
"266","RECODED_Q63_more_than_one_race","~~","Q23",0.00320431722118292,0,NA,NA,0.00320431722118292,0.00320431722118292
"267","RECODED_Q63_more_than_one_race","~~","Q30",-0.0122178852750735,0,NA,NA,-0.0122178852750735,-0.0122178852750735
"268","RECODED_Q63_nat_haw_pac","~~","RECODED_Q63_nat_haw_pac",0.00405672782176945,0,NA,NA,0.00405672782176945,0.00405672782176945
"269","RECODED_Q63_nat_haw_pac","~~","RECODED_Q63_other",-3.73318511205777e-05,0,NA,NA,-3.73318511205777e-05,-3.73318511205777e-05
"270","RECODED_Q63_nat_haw_pac","~~","Q65_female",0.000470796122465064,0,NA,NA,0.000470796122465064,0.000470796122465064
"271","RECODED_Q63_nat_haw_pac","~~","Q65_nonbinary",-0.000170067321771521,0,NA,NA,-0.000170067321771521,-0.000170067321771521
"272","RECODED_Q63_nat_haw_pac","~~","Q65_other",-2.90358842048938e-05,0,NA,NA,-2.90358842048938e-05,-2.90358842048938e-05
"273","RECODED_Q63_nat_haw_pac","~~","Q68_inc_2",0.0014725341275339,0,NA,NA,0.0014725341275339,0.0014725341275339
"274","RECODED_Q63_nat_haw_pac","~~","Q68_inc_3",-0.00029450682550678,0,NA,NA,-0.00029450682550678,-0.00029450682550678
"275","RECODED_Q63_nat_haw_pac","~~","Q68_inc_4",-0.000157623371397995,0,NA,NA,-0.000157623371397995,-0.000157623371397995
"276","RECODED_Q63_nat_haw_pac","~~","Q68_inc_5",-8.29596691568394e-05,0,NA,NA,-8.29596691568394e-05,-8.29596691568394e-05
"277","RECODED_Q63_nat_haw_pac","~~","Q68_inc_6",-7.88116856989974e-05,0,NA,NA,-7.88116856989974e-05,-7.88116856989974e-05
"278","RECODED_Q63_nat_haw_pac","~~","Q11",-0.00126098697118396,0,NA,NA,-0.00126098697118396,-0.00126098697118396
"279","RECODED_Q63_nat_haw_pac","~~","Q64",0.0293386869973163,0,NA,NA,0.0293386869973163,0.0293386869973163
"280","RECODED_Q63_nat_haw_pac","~~","Q66",-0.00112410351707517,0,NA,NA,-0.00112410351707517,-0.00112410351707517
"281","RECODED_Q63_nat_haw_pac","~~","Q67",-0.000381614478121461,0,NA,NA,-0.000381614478121461,-0.000381614478121461
"282","RECODED_Q63_nat_haw_pac","~~","Q69",-0.00169652523425737,0,NA,NA,-0.00169652523425737,-0.00169652523425737
"283","RECODED_Q63_nat_haw_pac","~~","Q70",0.00159282564781132,0,NA,NA,0.00159282564781132,0.00159282564781132
"284","RECODED_Q63_nat_haw_pac","~~","Q5",0.00399658206163074,0,NA,NA,0.00399658206163074,0.00399658206163074
"285","RECODED_Q63_nat_haw_pac","~~","Q7_4",-0.025093225928215,0,NA,NA,-0.025093225928215,-0.025093225928215
"286","RECODED_Q63_nat_haw_pac","~~","RECODED_Q6_activetransport",-1.45179421024469e-05,0,NA,NA,-1.45179421024469e-05,-1.45179421024469e-05
"287","RECODED_Q63_nat_haw_pac","~~","RECODED_Q6_other",-0.000120291520277417,0,NA,NA,-0.000120291520277417,-0.000120291520277417
"288","RECODED_Q63_nat_haw_pac","~~","RECODED_Q6_publictransit",0.000172141313500442,0,NA,NA,0.000172141313500442,0.000172141313500442
"289","RECODED_Q63_nat_haw_pac","~~","Q13",0.00256552776867526,0,NA,NA,0.00256552776867526,0.00256552776867526
"290","RECODED_Q63_nat_haw_pac","~~","Q17",-0.00086278055923113,0,NA,NA,-0.00086278055923113,-0.00086278055923113
"291","RECODED_Q63_nat_haw_pac","~~","Q23",0.00175044901920931,0,NA,NA,0.00175044901920931,0.00175044901920931
"292","RECODED_Q63_nat_haw_pac","~~","Q30",8.08856774279184e-05,0,NA,NA,8.08856774279184e-05,8.08856774279184e-05
"293","RECODED_Q63_other","~~","RECODED_Q63_other",0.00908097278508053,0,NA,NA,0.00908097278508053,0.00908097278508053
"294","RECODED_Q63_other","~~","Q65_female",0.00029554382137124,0,NA,NA,0.00029554382137124,0.00029554382137124
"295","RECODED_Q63_other","~~","Q65_nonbinary",-0.000382651473985922,0,NA,NA,-0.000382651473985922,-0.000382651473985922
"296","RECODED_Q63_other","~~","Q65_other",0.000952999199439193,0,NA,NA,0.000952999199439193,0.000952999199439193
"297","RECODED_Q63_other","~~","Q68_inc_2",0.000767376939700765,0,NA,NA,0.000767376939700765,0.000767376939700765
"298","RECODED_Q63_other","~~","Q68_inc_3",0.00137401952041015,0,NA,NA,0.00137401952041015,0.00137401952041015
"299","RECODED_Q63_other","~~","Q68_inc_4",-0.000354652585645488,0,NA,NA,-0.000354652585645488,-0.000354652585645488
"300","RECODED_Q63_other","~~","Q68_inc_5",-0.000186659255602889,0,NA,NA,-0.000186659255602889,-0.000186659255602889
"301","RECODED_Q63_other","~~","Q68_inc_6",-0.000177326292822744,0,NA,NA,-0.000177326292822744,-0.000177326292822744
"302","RECODED_Q63_other","~~","Q11",0.000726934100986805,0,NA,NA,0.000726934100986805,0.000726934100986805
"303","RECODED_Q63_other","~~","Q64",0.117437707658422,0,NA,NA,0.117437707658422,0.117437707658422
"304","RECODED_Q63_other","~~","Q66",0.00256241678108188,0,NA,NA,0.00256241678108188,0.00256241678108188
"305","RECODED_Q63_other","~~","Q67",0.00117802730202712,0,NA,NA,0.00117802730202712,0.00117802730202712
"306","RECODED_Q63_other","~~","Q69",-0.000762191960378462,0,NA,NA,-0.000762191960378462,-0.000762191960378462
"307","RECODED_Q63_other","~~","Q70",0.00103803286032495,0,NA,NA,0.00103803286032495,0.00103803286032495
"308","RECODED_Q63_other","~~","Q5",-0.00551889199065874,0,NA,NA,-0.00551889199065874,-0.00551889199065874
"309","RECODED_Q63_other","~~","Q7_4",0.0262795491971578,0,NA,NA,0.0262795491971578,0.0262795491971578
"310","RECODED_Q63_other","~~","RECODED_Q6_activetransport",-0.00232390773225596,0,NA,NA,-0.00232390773225596,-0.00232390773225596
"311","RECODED_Q63_other","~~","RECODED_Q6_other",-0.000270655920624189,0,NA,NA,-0.000270655920624189,-0.000270655920624189
"312","RECODED_Q63_other","~~","RECODED_Q6_publictransit",0.00267856031790145,0,NA,NA,0.00267856031790145,0.00267856031790145
"313","RECODED_Q63_other","~~","Q13",0.00500869002534418,0,NA,NA,0.00500869002534418,0.00500869002534418
"314","RECODED_Q63_other","~~","Q17",-0.00194125625827004,0,NA,NA,-0.00194125625827004,-0.00194125625827004
"315","RECODED_Q63_other","~~","Q23",-0.000643974431829966,0,NA,NA,-0.000643974431829966,-0.000643974431829966
"316","RECODED_Q63_other","~~","Q30",-0.00109091964941244,0,NA,NA,-0.00109091964941244,-0.00109091964941244
"317","Q65_female","~~","Q65_female",0.23193138405764,0,NA,NA,0.23193138405764,0.23193138405764
"318","Q65_female","~~","Q65_nonbinary",-0.0264879853659144,0,NA,NA,-0.0264879853659144,-0.0264879853659144
"319","Q65_female","~~","Q65_other",-0.00452233896491221,0,NA,NA,-0.00452233896491221,-0.00452233896491221
"320","Q65_female","~~","Q68_inc_2",-0.0104695102475931,0,NA,NA,-0.0104695102475931,-0.0104695102475931
"321","Q65_female","~~","Q68_inc_3",0.00199206905562861,0,NA,NA,0.00199206905562861,0.00199206905562861
"322","Q65_female","~~","Q68_inc_4",-0.00214658143943322,0,NA,NA,-0.00214658143943322,-0.00214658143943322
"323","Q65_female","~~","Q68_inc_5",-0.000701009204375293,0,NA,NA,-0.000701009204375293,-0.000701009204375293
"324","Q65_female","~~","Q68_inc_6",-0.00209162065861681,0,NA,NA,-0.00209162065861681,-0.00209162065861681
"325","Q65_female","~~","Q11",0.00268478229308822,0,NA,NA,0.00268478229308822,0.00268478229308822
"326","Q65_female","~~","Q64",-0.11430805413948,0,NA,NA,-0.11430805413948,-0.11430805413948
"327","Q65_female","~~","Q66",-0.00807301280482493,0,NA,NA,-0.00807301280482493,-0.00807301280482493
"328","Q65_female","~~","Q67",0.0118466407555967,0,NA,NA,0.0118466407555967,0.0118466407555967
"329","Q65_female","~~","Q69",0.000531978878468233,0,NA,NA,0.000531978878468233,0.000531978878468233
"330","Q65_female","~~","Q70",0.00113758446331316,0,NA,NA,0.00113758446331316,0.00113758446331316
"331","Q65_female","~~","Q5",-0.0290089223124178,0,NA,NA,-0.0290089223124178,-0.0290089223124178
"332","Q65_female","~~","Q7_4",0.29819645679253,0,NA,NA,0.29819645679253,0.29819645679253
"333","Q65_female","~~","RECODED_Q6_activetransport",-0.0111715564478329,0,NA,NA,-0.0111715564478329,-0.0111715564478329
"334","Q65_female","~~","RECODED_Q6_other",0.00264952443369656,0,NA,NA,0.00264952443369656,0.00264952443369656
"335","Q65_female","~~","RECODED_Q6_publictransit",0.00822648819276509,0,NA,NA,0.00822648819276509,0.00822648819276509
"336","Q65_female","~~","Q13",0.0449475487491756,0,NA,NA,0.0449475487491756,0.0449475487491756
"337","Q65_female","~~","Q17",-0.0386550578436293,0,NA,NA,-0.0386550578436293,-0.0386550578436293
"338","Q65_female","~~","Q23",-0.00689913348625566,0,NA,NA,-0.00689913348625566,-0.00689913348625566
"339","Q65_female","~~","Q30",-0.00344075227827991,0,NA,NA,-0.00344075227827991,-0.00344075227827991
"340","Q65_nonbinary","~~","Q65_nonbinary",0.0400083374467503,0,NA,NA,0.0400083374467503,0.0400083374467503
"341","Q65_nonbinary","~~","Q65_other",-0.000297617813100161,0,NA,NA,-0.000297617813100161,-0.000297617813100161
"342","Q65_nonbinary","~~","Q68_inc_2",-0.00170896918463089,0,NA,NA,-0.00170896918463089,-0.00170896918463089
"343","Q65_nonbinary","~~","Q68_inc_3",3.62948552561172e-05,0,NA,NA,3.62948552561172e-05,3.62948552561172e-05
"344","Q65_nonbinary","~~","Q68_inc_4",-0.00161563955682945,0,NA,NA,-0.00161563955682945,-0.00161563955682945
"345","Q65_nonbinary","~~","Q68_inc_5",-0.000850336608857604,0,NA,NA,-0.000850336608857604,-0.000850336608857604
"346","Q65_nonbinary","~~","Q68_inc_6",0.00021051016048548,0,NA,NA,0.00021051016048548,0.00021051016048548
"347","Q65_nonbinary","~~","Q11",-0.00325098203508364,0,NA,NA,-0.00325098203508364,-0.00325098203508364
"348","Q65_nonbinary","~~","Q64",0.0130433339831841,0,NA,NA,0.0130433339831841,0.0130433339831841
"349","Q65_nonbinary","~~","Q66",-0.000320431722118292,0,NA,NA,-0.000320431722118292,-0.000320431722118292
"350","Q65_nonbinary","~~","Q67",-0.00187488852294457,0,NA,NA,-0.00187488852294457,-0.00187488852294457
"351","Q65_nonbinary","~~","Q69",-0.0153527237733376,0,NA,NA,-0.0153527237733376,-0.0153527237733376
"352","Q65_nonbinary","~~","Q70",0.00868898834831447,0,NA,NA,0.00868898834831447,0.00868898834831447
"353","Q65_nonbinary","~~","Q5",0.0121971453577843,0,NA,NA,0.0121971453577843,0.0121971453577843
"354","Q65_nonbinary","~~","Q7_4",-0.144934690000456,0,NA,NA,-0.144934690000456,-0.144934690000456
"355","Q65_nonbinary","~~","RECODED_Q6_activetransport",0.00366992836432568,0,NA,NA,0.00366992836432568,0.00366992836432568
"356","Q65_nonbinary","~~","RECODED_Q6_other",-0.000214658143943322,0,NA,NA,-0.000214658143943322,-0.000214658143943322
"357","Q65_nonbinary","~~","RECODED_Q6_publictransit",-0.00307261874639644,0,NA,NA,-0.00307261874639644,-0.00307261874639644
"358","Q65_nonbinary","~~","Q13",-0.00909030574786068,0,NA,NA,-0.00909030574786068,-0.00909030574786068
"359","Q65_nonbinary","~~","Q17",0.00235812859578316,0,NA,NA,0.00235812859578316,0.00235812859578316
"360","Q65_nonbinary","~~","Q23",-0.00293366130055873,0,NA,NA,-0.00293366130055873,-0.00293366130055873
"361","Q65_nonbinary","~~","Q30",-0.00553548392449011,0,NA,NA,-0.00553548392449011,-0.00553548392449011
"362","Q65_other","~~","Q65_other",0.00707749677494286,0,NA,NA,0.00707749677494286,0.00707749677494286
"363","Q65_other","~~","Q68_inc_2",0.00104943981483402,0,NA,NA,0.00104943981483402,0.00104943981483402
"364","Q65_other","~~","Q68_inc_3",-0.000515386944636865,0,NA,NA,-0.000515386944636865,-0.000515386944636865
"365","Q65_other","~~","Q68_inc_4",-0.000275840899946491,0,NA,NA,-0.000275840899946491,-0.000275840899946491
"366","Q65_other","~~","Q68_inc_5",-0.000145179421024469,0,NA,NA,-0.000145179421024469,-0.000145179421024469
"367","Q65_other","~~","Q68_inc_6",-0.000137920449973246,0,NA,NA,-0.000137920449973246,-0.000137920449973246
"368","Q65_other","~~","Q11",-0.000679232291221623,0,NA,NA,-0.000679232291221623,-0.000679232291221623
"369","Q65_other","~~","Q64",0.0335219283145499,0,NA,NA,0.0335219283145499,0.0335219283145499
"370","Q65_other","~~","Q66",-0.000948851215981351,0,NA,NA,-0.000948851215981351,-0.000948851215981351
"371","Q65_other","~~","Q67",0.000350504602187646,0,NA,NA,0.000350504602187646,0.000350504602187646
"372","Q65_other","~~","Q69",-0.00806056885445141,0,NA,NA,-0.00806056885445141,-0.00806056885445141
"373","Q65_other","~~","Q70",0.00329660985311991,0,NA,NA,0.00329660985311991,0.00329660985311991
"374","Q65_other","~~","Q5",0.00317528133697803,0,NA,NA,0.00317528133697803,0.00317528133697803
"375","Q65_other","~~","Q7_4",0.0138770786582103,0,NA,NA,0.0138770786582103,0.0138770786582103
"376","Q65_other","~~","RECODED_Q6_activetransport",-0.000789153852854435,0,NA,NA,-0.000789153852854435,-0.000789153852854435
"377","Q65_other","~~","RECODED_Q6_other",0.00284447965621513,0,NA,NA,0.00284447965621513,0.00284447965621513
"378","Q65_other","~~","RECODED_Q6_publictransit",-0.00198999506389969,0,NA,NA,-0.00198999506389969,-0.00198999506389969
"379","Q65_other","~~","Q13",0.00219843123265624,0,NA,NA,0.00219843123265624,0.00219843123265624
"380","Q65_other","~~","Q17",-0.00150986597865448,0,NA,NA,-0.00150986597865448,-0.00150986597865448
"381","Q65_other","~~","Q23",-0.000500869002534418,0,NA,NA,-0.000500869002534418,-0.000500869002534418
"382","Q65_other","~~","Q30",0.00243279229802432,0,NA,NA,0.00243279229802432,0.00243279229802432
"383","Q68_inc_2","~~","Q68_inc_2",0.119312596181366,0,NA,NA,0.119312596181366,0.119312596181366
"384","Q68_inc_2","~~","Q68_inc_3",-0.0100132320672305,0,NA,NA,-0.0100132320672305,-0.0100132320672305
"385","Q68_inc_2","~~","Q68_inc_4",-0.00535919462753183,0,NA,NA,-0.00535919462753183,-0.00535919462753183
"386","Q68_inc_2","~~","Q68_inc_5",-0.00282062875133254,0,NA,NA,-0.00282062875133254,-0.00282062875133254
"387","Q68_inc_2","~~","Q68_inc_6",-0.00267959731376591,0,NA,NA,-0.00267959731376591,-0.00267959731376591
"388","Q68_inc_2","~~","Q11",0.00702460998585538,0,NA,NA,0.00702460998585538,0.00702460998585538
"389","Q68_inc_2","~~","Q64",0.475112099252948,0,NA,NA,0.475112099252948,0.475112099252948
"390","Q68_inc_2","~~","Q66",0.0381552258369594,0,NA,NA,0.0381552258369594,0.0381552258369594
"391","Q68_inc_2","~~","Q67",0.0094283663996748,0,NA,NA,0.0094283663996748,0.0094283663996748
"392","Q68_inc_2","~~","Q69",0.0156378976360642,0,NA,NA,0.0156378976360642,0.0156378976360642
"393","Q68_inc_2","~~","Q70",0.00222124514167438,0,NA,NA,0.00222124514167438,0.00222124514167438
"394","Q68_inc_2","~~","Q5",-0.0606538881122942,0,NA,NA,-0.0606538881122942,-0.0606538881122942
"395","Q68_inc_2","~~","Q7_4",0.0449973245506697,0,NA,NA,0.0449973245506697,0.0449973245506697
"396","Q68_inc_2","~~","RECODED_Q6_activetransport",-0.0106769094204852,0,NA,NA,-0.0106769094204852,-0.0106769094204852
"397","Q68_inc_2","~~","RECODED_Q6_other",-0.00307158175053198,0,NA,NA,-0.00307158175053198,-0.00307158175053198
"398","Q68_inc_2","~~","RECODED_Q6_publictransit",0.0119627842924162,0,NA,NA,0.0119627842924162,0.0119627842924162
"399","Q68_inc_2","~~","Q13",0.0108531987174435,0,NA,NA,0.0108531987174435,0.0108531987174435
"400","Q68_inc_2","~~","Q17",-0.00591295041915373,0,NA,NA,-0.00591295041915373,-0.00591295041915373
"401","Q68_inc_2","~~","Q23",0.00147046013580498,0,NA,NA,0.00147046013580498,0.00147046013580498
"402","Q68_inc_2","~~","Q30",-0.0053965264786524,0,NA,NA,-0.0053965264786524,-0.0053965264786524
"403","Q68_inc_3","~~","Q68_inc_3",0.0670739295091691,0,NA,NA,0.0670739295091691,0.0670739295091691
"404","Q68_inc_3","~~","Q68_inc_4",-0.00279781484231441,0,NA,NA,-0.00279781484231441,-0.00279781484231441
"405","Q68_inc_3","~~","Q68_inc_5",-0.0014725341275339,0,NA,NA,-0.0014725341275339,-0.0014725341275339
"406","Q68_inc_3","~~","Q68_inc_6",-0.0013989074211572,0,NA,NA,-0.0013989074211572,-0.0013989074211572
"407","Q68_inc_3","~~","Q11",0.00867654439794094,0,NA,NA,0.00867654439794094,0.00867654439794094
"408","Q68_inc_3","~~","Q64",0.541637457949818,0,NA,NA,0.541637457949818,0.541637457949818
"409","Q68_inc_3","~~","Q66",0.0340186493336265,0,NA,NA,0.0340186493336265,0.0340186493336265
"410","Q68_inc_3","~~","Q67",0.00544630228014651,0,NA,NA,0.00544630228014651,0.00544630228014651
"411","Q68_inc_3","~~","Q69",0.0106198746479399,0,NA,NA,0.0106198746479399,0.0106198746479399
"412","Q68_inc_3","~~","Q70",-0.00176807794890514,0,NA,NA,-0.00176807794890514,-0.00176807794890514
"413","Q68_inc_3","~~","Q5",-0.0510056785893538,0,NA,NA,-0.0510056785893538,-0.0510056785893538
"414","Q68_inc_3","~~","Q7_4",-0.112665452690175,0,NA,NA,-0.112665452690175,-0.112665452690175
"415","Q68_inc_3","~~","RECODED_Q6_activetransport",-0.0040764307431942,0,NA,NA,-0.0040764307431942,-0.0040764307431942
"416","Q68_inc_3","~~","RECODED_Q6_other",-9.85146071237468e-05,0,NA,NA,-9.85146071237468e-05,-9.85146071237468e-05
"417","Q68_inc_3","~~","RECODED_Q6_publictransit",0.0048375857077082,0,NA,NA,0.0048375857077082,0.0048375857077082
"418","Q68_inc_3","~~","Q13",0.0126969773644543,0,NA,NA,0.0126969773644543,0.0126969773644543
"419","Q68_inc_3","~~","Q17",0.00199725403495091,0,NA,NA,0.00199725403495091,0.00199725403495091
"420","Q68_inc_3","~~","Q23",-0.00100692298439114,0,NA,NA,-0.00100692298439114,-0.00100692298439114
"421","Q68_inc_3","~~","Q30",-0.0207129553967339,0,NA,NA,-0.0207129553967339,-0.0207129553967339
"422","Q68_inc_4","~~","Q68_inc_4",0.0371991156499268,0,NA,NA,0.0371991156499268,0.0371991156499268
"423","Q68_inc_4","~~","Q68_inc_5",-0.000788116856989974,0,NA,NA,-0.000788116856989974,-0.000788116856989974
"424","Q68_inc_4","~~","Q68_inc_6",-0.000748711014140476,0,NA,NA,-0.000748711014140476,-0.000748711014140476
"425","Q68_inc_4","~~","Q11",0.00533223273505585,0,NA,NA,0.00533223273505585,0.00533223273505585
"426","Q68_inc_4","~~","Q64",0.292974145619107,0,NA,NA,0.292974145619107,0.292974145619107
"427","Q68_inc_4","~~","Q66",0.019870914754792,0,NA,NA,0.019870914754792,0.019870914754792
"428","Q68_inc_4","~~","Q67",0.0126679414802494,0,NA,NA,0.0126679414802494,0.0126679414802494
"429","Q68_inc_4","~~","Q69",0.0144329084415611,0,NA,NA,0.0144329084415611,0.0144329084415611
"430","Q68_inc_4","~~","Q70",0.000875224509604656,0,NA,NA,0.000875224509604656,0.000875224509604656
"431","Q68_inc_4","~~","Q5",-0.0450263604348746,0,NA,NA,-0.0450263604348746,-0.0450263604348746
"432","Q68_inc_4","~~","Q7_4",-0.0138438947905476,0,NA,NA,-0.0138438947905476,-0.0138438947905476
"433","Q68_inc_4","~~","RECODED_Q6_activetransport",-0.00268374529722376,0,NA,NA,-0.00268374529722376,-0.00268374529722376
"434","Q68_inc_4","~~","RECODED_Q6_other",-0.00114276944263546,0,NA,NA,-0.00114276944263546,-0.00114276944263546
"435","Q68_inc_4","~~","RECODED_Q6_publictransit",0.0031628373866045,0,NA,NA,0.0031628373866045,0.0031628373866045
"436","Q68_inc_4","~~","Q13",0.0167350392606634,0,NA,NA,0.0167350392606634,0.0167350392606634
"437","Q68_inc_4","~~","Q17",0.00809686370970752,0,NA,NA,0.00809686370970752,0.00809686370970752
"438","Q68_inc_4","~~","Q23",-0.00271900315661541,0,NA,NA,-0.00271900315661541,-0.00271900315661541
"439","Q68_inc_4","~~","Q30",-0.0119607103006873,0,NA,NA,-0.0119607103006873,-0.0119607103006873
"440","Q68_inc_5","~~","Q68_inc_5",0.0199518004322199,0,NA,NA,0.0199518004322199,0.0199518004322199
"441","Q68_inc_5","~~","Q68_inc_6",-0.000394058428494987,0,NA,NA,-0.000394058428494987,-0.000394058428494987
"442","Q68_inc_5","~~","Q11",0.00286003459418204,0,NA,NA,0.00286003459418204,0.00286003459418204
"443","Q68_inc_5","~~","Q64",0.0876302985303695,0,NA,NA,0.0876302985303695,0.0876302985303695
"444","Q68_inc_5","~~","Q66",0.00863610155922698,0,NA,NA,0.00863610155922698,0.00863610155922698
"445","Q68_inc_5","~~","Q67",0.00420190724279392,0,NA,NA,0.00420190724279392,0.00420190724279392
"446","Q68_inc_5","~~","Q69",-0.00440930641568602,0,NA,NA,-0.00440930641568602,-0.00440930641568602
"447","Q68_inc_5","~~","Q70",-0.00120084121104525,0,NA,NA,-0.00120084121104525,-0.00120084121104525
"448","Q68_inc_5","~~","Q5",-0.0258419369423555,0,NA,NA,-0.0258419369423555,-0.0258419369423555
"449","Q68_inc_5","~~","Q7_4",0.0639432389943629,0,NA,NA,0.0639432389943629,0.0639432389943629
"450","Q68_inc_5","~~","RECODED_Q6_activetransport",-0.00210924958831264,0,NA,NA,-0.00210924958831264,-0.00210924958831264
"451","Q68_inc_5","~~","RECODED_Q6_other",0.000416872337513118,0,NA,NA,0.000416872337513118,0.000416872337513118
"452","Q68_inc_5","~~","RECODED_Q6_publictransit",0.00187903650640241,0,NA,NA,0.00187903650640241,0.00187903650640241
"453","Q68_inc_5","~~","Q13",0.00671765920997507,0,NA,NA,0.00671765920997507,0.00671765920997507
"454","Q68_inc_5","~~","Q17",0.00179607683724557,0,NA,NA,0.00179607683724557,0.00179607683724557
"455","Q68_inc_5","~~","Q23",-0.00143105429295548,0,NA,NA,-0.00143105429295548,-0.00143105429295548
"456","Q68_inc_5","~~","Q30",0.000404428387139592,0,NA,NA,0.000404428387139592,0.000404428387139592
"457","Q68_inc_6","~~","Q68_inc_6",0.0189739133320336,0,NA,NA,0.0189739133320336,0.0189739133320336
"458","Q68_inc_6","~~","Q11",0.000629456489727519,0,NA,NA,0.000629456489727519,0.000629456489727519
"459","Q68_inc_6","~~","Q64",0.255957541241326,0,NA,NA,0.255957541241326,0.255957541241326
"460","Q68_inc_6","~~","Q66",0.0129904471940966,0,NA,NA,0.0129904471940966,0.0129904471940966
"461","Q68_inc_6","~~","Q67",0.0104072904957255,0,NA,NA,0.0104072904957255,0.0104072904957255
"462","Q68_inc_6","~~","Q69",0.0153630937319822,0,NA,NA,0.0153630937319822,0.0153630937319822
"463","Q68_inc_6","~~","Q70",0.00094677722425243,0,NA,NA,0.00094677722425243,0.00094677722425243
"464","Q68_inc_6","~~","Q5",-0.0184398604618365,0,NA,NA,-0.0184398604618365,-0.0184398604618365
"465","Q68_inc_6","~~","Q7_4",0.0333020851912843,0,NA,NA,0.0333020851912843,0.0333020851912843
"466","Q68_inc_6","~~","RECODED_Q6_activetransport",-0.00388769749586239,0,NA,NA,-0.00388769749586239,-0.00388769749586239
"467","Q68_inc_6","~~","RECODED_Q6_other",-0.000571384721317731,0,NA,NA,-0.000571384721317731,-0.000571384721317731
"468","Q68_inc_6","~~","RECODED_Q6_publictransit",0.00463640851000286,0,NA,NA,0.00463640851000286,0.00463640851000286
"469","Q68_inc_6","~~","Q13",0.0109133444775822,0,NA,NA,0.0109133444775822,0.0109133444775822
"470","Q68_inc_6","~~","Q17",-2.48879007470518e-05,0,NA,NA,-2.48879007470518e-05,-2.48879007470518e-05
"471","Q68_inc_6","~~","Q23",-0.00135950157830771,0,NA,NA,-0.00135950157830771,-0.00135950157830771
"472","Q68_inc_6","~~","Q30",0.00471210920810848,0,NA,NA,0.00471210920810848,0.00471210920810848
"473","Q11","~~","Q11",0.154164990190019,0,NA,NA,0.154164990190019,0.154164990190019
"474","Q11","~~","Q64",0.337683185319457,0,NA,NA,0.337683185319457,0.337683185319457
"475","Q11","~~","Q66",0.0270935909507593,0,NA,NA,0.0270935909507593,0.0270935909507593
"476","Q11","~~","Q67",0.0127488271576773,0,NA,NA,0.0127488271576773,0.0127488271576773
"477","Q11","~~","Q69",0.059964285862428,0,NA,NA,0.059964285862428,0.059964285862428
"478","Q11","~~","Q70",-0.00369066828161489,0,NA,NA,-0.00369066828161489,-0.00369066828161489
"479","Q11","~~","Q5",-0.046565262297734,0,NA,NA,-0.046565262297734,-0.046565262297734
"480","Q11","~~","Q7_4",-0.0272481033345639,0,NA,NA,-0.0272481033345639,-0.0272481033345639
"481","Q11","~~","RECODED_Q6_activetransport",0.00653411094196556,0,NA,NA,0.00653411094196556,0.00653411094196556
"482","Q11","~~","RECODED_Q6_other",0.00155030881736844,0,NA,NA,0.00155030881736844,0.00155030881736844
"483","Q11","~~","RECODED_Q6_publictransit",-0.00982968379922101,0,NA,NA,-0.00982968379922101,-0.00982968379922101
"484","Q11","~~","Q13",0.103330415918301,0,NA,NA,0.103330415918301,0.103330415918301
"485","Q11","~~","Q17",-0.000398206411952829,0,NA,NA,-0.000398206411952829,-0.000398206411952829
"486","Q11","~~","Q23",-0.00291292138326952,0,NA,NA,-0.00291292138326952,-0.00291292138326952
"487","Q11","~~","Q30",-0.0345858860714863,0,NA,NA,-0.0345858860714863,-0.0345858860714863
"488","Q64","~~","Q64",58.9319481833906,0,NA,NA,58.9319481833906,58.9319481833906
"489","Q64","~~","Q66",1.27435592186858,0,NA,NA,1.27435592186858,1.27435592186858
"490","Q64","~~","Q67",1.15747819197697,0,NA,NA,1.15747819197697,1.15747819197697
"491","Q64","~~","Q69",0.384300297410414,0,NA,NA,0.384300297410414,0.384300297410414
"492","Q64","~~","Q70",0.452325152127293,0,NA,NA,0.452325152127293,0.452325152127293
"493","Q64","~~","Q5",-4.17668128139505,0,NA,NA,-4.17668128139505,-4.17668128139505
"494","Q64","~~","Q7_4",2.33418228728104,0,NA,NA,2.33418228728104,2.33418228728104
"495","Q64","~~","RECODED_Q6_activetransport",-0.590672844396697,0,NA,NA,-0.590672844396697,-0.590672844396697
"496","Q64","~~","RECODED_Q6_other",-0.0393311791472576,0,NA,NA,-0.0393311791472576,-0.0393311791472576
"497","Q64","~~","RECODED_Q6_publictransit",0.60319768044765,0,NA,NA,0.60319768044765,0.60319768044765
"498","Q64","~~","Q13",1.00092914829456,0,NA,NA,1.00092914829456,1.00092914829456
"499","Q64","~~","Q17",0.211966102679183,0,NA,NA,0.211966102679183,0.211966102679183
"500","Q64","~~","Q23",-0.107451437483667,0,NA,NA,-0.107451437483667,-0.107451437483667
"501","Q64","~~","Q30",-0.475765406647558,0,NA,NA,-0.475765406647558,-0.475765406647558
"502","Q66","~~","Q66",0.199809400160112,0,NA,NA,0.199809400160112,0.199809400160112
"503","Q66","~~","Q67",0.0413553950746844,0,NA,NA,0.0413553950746844,0.0413553950746844
"504","Q66","~~","Q69",0.0154066475582895,0,NA,NA,0.0154066475582895,0.0154066475582895
"505","Q66","~~","Q70",0.000480129085245208,0,NA,NA,0.000480129085245208,0.000480129085245208
"506","Q66","~~","Q5",-0.16482219668908,0,NA,NA,-0.16482219668908,-0.16482219668908
"507","Q66","~~","Q7_4",-0.0322961992027576,0,NA,NA,-0.0322961992027576,-0.0322961992027576
"508","Q66","~~","RECODED_Q6_activetransport",-0.0200772769318196,0,NA,NA,-0.0200772769318196,-0.0200772769318196
"509","Q66","~~","RECODED_Q6_other",-0.0050947606820944,0,NA,NA,-0.0050947606820944,-0.0050947606820944
"510","Q66","~~","RECODED_Q6_publictransit",0.0246462807106325,0,NA,NA,0.0246462807106325,0.0246462807106325
"511","Q66","~~","Q13",0.0513603311749993,0,NA,NA,0.0513603311749993,0.0513603311749993
"512","Q66","~~","Q17",0.00264641344610318,0,NA,NA,0.00264641344610318,0.00264641344610318
"513","Q66","~~","Q23",-0.00309750664714349,0,NA,NA,-0.00309750664714349,-0.00309750664714349
"514","Q66","~~","Q30",-0.0421269199978431,0,NA,NA,-0.0421269199978431,-0.0421269199978431
"515","Q67","~~","Q67",0.172485596127443,0,NA,NA,0.172485596127443,0.172485596127443
"516","Q67","~~","Q69",0.023098045884993,0,NA,NA,0.023098045884993,0.023098045884993
"517","Q67","~~","Q70",0.00201177197705336,0,NA,NA,0.00201177197705336,0.00201177197705336
"518","Q67","~~","Q5",-0.0893413417067293,0,NA,NA,-0.0893413417067293,-0.0893413417067293
"519","Q67","~~","Q7_4",0.340371078600139,0,NA,NA,0.340371078600139,0.340371078600139
"520","Q67","~~","RECODED_Q6_activetransport",-0.0196821815074601,0,NA,NA,-0.0196821815074601,-0.0196821815074601
"521","Q67","~~","RECODED_Q6_other",0.00232494472812042,0,NA,NA,0.00232494472812042,0.00232494472812042
"522","Q67","~~","RECODED_Q6_publictransit",0.018215869355113,0,NA,NA,0.018215869355113,0.018215869355113
"523","Q67","~~","Q13",0.0620621284962316,0,NA,NA,0.0620621284962316,0.0620621284962316
"524","Q67","~~","Q17",0.0107059453046901,0,NA,NA,0.0107059453046901,0.0107059453046901
"525","Q67","~~","Q23",-0.005564519808695,0,NA,NA,-0.005564519808695,-0.005564519808695
"526","Q67","~~","Q30",-0.000176289296958284,0,NA,NA,-0.000176289296958284,-0.000176289296958284
"527","Q69","~~","Q69",0.961968176670912,0,NA,NA,0.961968176670912,0.961968176670912
"528","Q69","~~","Q70",-0.0820419278167919,0,NA,NA,-0.0820419278167919,-0.0820419278167919
"529","Q69","~~","Q5",-0.0101376715709658,0,NA,NA,-0.0101376715709658,-0.0101376715709658
"530","Q69","~~","Q7_4",-0.404631638329026,0,NA,NA,-0.404631638329026,-0.404631638329026
"531","Q69","~~","RECODED_Q6_activetransport",0.0379758255524077,0,NA,NA,0.0379758255524077,0.0379758255524077
"532","Q69","~~","RECODED_Q6_other",-0.00313483849826407,0,NA,NA,-0.00313483849826407,-0.00313483849826407
"533","Q69","~~","RECODED_Q6_publictransit",-0.0300054753381644,0,NA,NA,-0.0300054753381644,-0.0300054753381644
"534","Q69","~~","Q13",0.0640054587462305,0,NA,NA,0.0640054587462305,0.0640054587462305
"535","Q69","~~","Q17",0.0991533965762545,0,NA,NA,0.0991533965762545,0.0991533965762545
"536","Q69","~~","Q23",-0.00278848187953426,0,NA,NA,-0.00278848187953426,-0.00278848187953426
"537","Q69","~~","Q30",-0.034753879401529,0,NA,NA,-0.034753879401529,-0.034753879401529
"538","Q70","~~","Q70",0.0970887378101136,0,NA,NA,0.0970887378101136,0.0970887378101136
"539","Q70","~~","Q5",0.000238509048825913,0,NA,NA,0.000238509048825913,0.000238509048825913
"540","Q70","~~","Q7_4",0.0504975506157681,0,NA,NA,0.0504975506157681,0.0504975506157681
"541","Q70","~~","RECODED_Q6_activetransport",-0.0133720616722181,0,NA,NA,-0.0133720616722181,-0.0133720616722181
"542","Q70","~~","RECODED_Q6_other",0.00391051140488052,0,NA,NA,0.00391051140488052,0.00391051140488052
"543","Q70","~~","RECODED_Q6_publictransit",0.00842351740701258,0,NA,NA,0.00842351740701258,0.00842351740701258
"544","Q70","~~","Q13",0.0184751183212281,0,NA,NA,0.0184751183212281,0.0184751183212281
"545","Q70","~~","Q17",-0.0169694003260315,0,NA,NA,-0.0169694003260315,-0.0169694003260315
"546","Q70","~~","Q23",-0.000527830895010391,0,NA,NA,-0.000527830895010391,-0.000527830895010391
"547","Q70","~~","Q30",0.00445493423372228,0,NA,NA,0.00445493423372228,0.00445493423372228
"548","Q5","~~","Q5",2.5977866360269,0,NA,NA,2.5977866360269,2.5977866360269
"549","Q5","~~","Q7_4",-4.2203076974129,0,NA,NA,-4.2203076974129,-4.2203076974129
"550","Q5","~~","RECODED_Q6_activetransport",0.242422671218387,0,NA,NA,0.242422671218387,0.242422671218387
"551","Q5","~~","RECODED_Q6_other",0.029738967400998,0,NA,NA,0.029738967400998,0.029738967400998
"552","Q5","~~","RECODED_Q6_publictransit",-0.262569426873126,0,NA,NA,-0.262569426873126,-0.262569426873126
"553","Q5","~~","Q13",-0.56794604303118,0,NA,NA,-0.56794604303118,-0.56794604303118
"554","Q5","~~","Q17",-0.0253752888033483,0,NA,NA,-0.0253752888033483,-0.0253752888033483
"555","Q5","~~","Q23",0.0422098796669999,0,NA,NA,0.0422098796669999,0.0422098796669999
"556","Q5","~~","Q30",0.0888415097000593,0,NA,NA,0.0888415097000593,0.0888415097000593
"557","Q7_4","~~","Q7_4",59.4155947586081,0,NA,NA,59.4155947586081,59.4155947586081
"558","Q7_4","~~","RECODED_Q6_activetransport",-1.67076003500898,0,NA,NA,-1.67076003500898,-1.67076003500898
"559","Q7_4","~~","RECODED_Q6_other",-0.0167018553930007,0,NA,NA,-0.0167018553930007,-0.0167018553930007
"560","Q7_4","~~","RECODED_Q6_publictransit",1.66525566096042,0,NA,NA,1.66525566096042,1.66525566096042
"561","Q7_4","~~","Q13",2.41810014061664,0,NA,NA,2.41810014061664,2.41810014061664
"562","Q7_4","~~","Q17",-0.350672595517689,0,NA,NA,-0.350672595517689,-0.350672595517689
"563","Q7_4","~~","Q23",-0.256432485347248,0,NA,NA,-0.256432485347248,-0.256432485347248
"564","Q7_4","~~","Q30",2.24567469024934,0,NA,NA,2.24567469024934,2.24567469024934
"565","RECODED_Q6_activetransport","~~","RECODED_Q6_activetransport",0.189269374193736,0,NA,NA,0.189269374193736,0.189269374193736
"566","RECODED_Q6_activetransport","~~","RECODED_Q6_other",-0.00748814713726922,0,NA,NA,-0.00748814713726922,-0.00748814713726922
"567","RECODED_Q6_activetransport","~~","RECODED_Q6_publictransit",-0.179457319324211,0,NA,NA,-0.179457319324211,-0.179457319324211
"568","RECODED_Q6_activetransport","~~","Q13",-0.123137036929497,0,NA,NA,-0.123137036929497,-0.123137036929497
"569","RECODED_Q6_activetransport","~~","Q17",0.0644181831002858,0,NA,NA,0.0644181831002858,0.0644181831002858
"570","RECODED_Q6_activetransport","~~","Q23",0.01069661234191,0,NA,NA,0.01069661234191,0.01069661234191
"571","RECODED_Q6_activetransport","~~","Q30",-0.106217412404959,0,NA,NA,-0.106217412404959,-0.106217412404959
"572","RECODED_Q6_other","~~","RECODED_Q6_other",0.0286594547060946,0,NA,NA,0.0286594547060946,0.0286594547060946
"573","RECODED_Q6_other","~~","RECODED_Q6_publictransit",-0.0209006516482012,0,NA,NA,-0.0209006516482012,-0.0209006516482012
"574","RECODED_Q6_other","~~","Q13",-0.0015119399703834,0,NA,NA,-0.0015119399703834,-0.0015119399703834
"575","RECODED_Q6_other","~~","Q17",-0.00320016923772508,0,NA,NA,-0.00320016923772508,-0.00320016923772508
"576","RECODED_Q6_other","~~","Q23",-0.00105669878588524,0,NA,NA,-0.00105669878588524,-0.00105669878588524
"577","RECODED_Q6_other","~~","Q30",-0.00781480083457427,0,NA,NA,-0.00781480083457427,-0.00781480083457427
"578","RECODED_Q6_publictransit","~~","RECODED_Q6_publictransit",0.206844380104612,0,NA,NA,0.206844380104612,0.206844380104612
"579","RECODED_Q6_publictransit","~~","Q13",0.127786926385738,0,NA,NA,0.127786926385738,0.127786926385738
"580","RECODED_Q6_publictransit","~~","Q17",-0.0602950875431909,0,NA,NA,-0.0602950875431909,-0.0602950875431909
"581","RECODED_Q6_publictransit","~~","Q23",-0.010014269063095,0,NA,NA,-0.010014269063095,-0.010014269063095
"582","RECODED_Q6_publictransit","~~","Q30",0.120214782583447,0,NA,NA,0.120214782583447,0.120214782583447
"583","Q13","~~","Q13",1.07721056408427,0,NA,NA,1.07721056408427,1.07721056408427
"584","Q13","~~","Q17",-0.0600752444199253,0,NA,NA,-0.0600752444199253,-0.0600752444199253
"585","Q13","~~","Q23",-0.00538823051173672,0,NA,NA,-0.00538823051173672,-0.00538823051173672
"586","Q13","~~","Q30",0.0497384696429831,0,NA,NA,0.0497384696429831,0.0497384696429831
"587","Q17","~~","Q17",0.423567182814075,0,NA,NA,0.423567182814075,0.423567182814075
"588","Q17","~~","Q23",0.0156669335202691,0,NA,NA,0.0156669335202691,0.0156669335202691
"589","Q17","~~","Q30",-0.0599487309244611,0,NA,NA,-0.0599487309244611,-0.0599487309244611
"590","Q23","~~","Q23",0.0836575673736213,0,NA,NA,0.0836575673736213,0.0836575673736213
"591","Q23","~~","Q30",0.00521401520650736,0,NA,NA,0.00521401520650736,0.00521401520650736
"592","Q30","~~","Q30",0.924631140571011,0,NA,NA,0.924631140571011,0.924631140571011
"593","Q8_8","~1","",3.99185334875294,0.0303444366341689,131.551407491216,0,3.93237934581881,4.05132735168707
"594","Q8_9","~1","",3.17922605976364,0.039524484007582,80.4368770292806,0,3.10175949460125,3.25669262492603
"595","Q8_10","~1","",4.15784118117139,0.0322753541610089,128.824029642853,0,4.09458264942754,4.22109971291524
"596","Q8_11","~1","",3.67820770559226,0.0378883603180427,97.0801500702757,0,3.60394788393562,3.7524675272489
"597","Q8_12","~1","",2.96130344783068,0.0378639031585693,78.2091438230524,0,2.88709156132577,3.03551533433559
"598","Q8_15","~1","",3.32179222838843,0.034236398850865,97.0251644414554,0,3.25469011968039,3.38889433709648
"599","Q8_1","~1","",2.45723012777749,0.038369587970774,64.04108716646,0,2.38202711725313,2.53243313830185
"600","Q8_2","~1","",2.73217920551305,0.0432108459860909,63.2290144560583,0,2.64748750363881,2.8168709073873
"601","Q8_3","~1","",1.56313658166807,0.0329282270050223,47.4710217902001,0,1.49859844266346,1.62767472067267
"602","Q8_13","~1","",3.33197555936267,0.0374127135934546,89.0599809350799,0,3.25864798815559,3.40530313056975
"603","Q34_1","~1","",3.41955197316611,0.0315048443402787,108.540513205908,0,3.35780361292062,3.48130033341159
"604","Q34_2","~1","",3.18635445911679,0.0315336730011116,101.046093140005,0,3.12454959573435,3.24815932249923
"605","Q34_3","~1","",3.1334012921859,0.0317079312161966,98.8207420667464,0,3.07125488897788,3.19554769539391
"606","Q34_4","~1","",3.35947055294307,0.0298651531303062,112.487973468115,0,3.3009359284149,3.41800517747125
"607","Q21_1","~1","",3.54480653539746,0.0334274275323793,106.04484990548,0,3.47928998133818,3.61032308945675
"608","Q21_2","~1","",2.70773930278415,0.0341272871420283,79.3423541553505,0,2.64085104909572,2.77462755647258
"609","Q21_3","~1","",3.57026478093493,0.0294198989085448,121.355440140481,0,3.51260283864537,3.62792672322448
"610","Q21_4","~1","",1.68024433895296,0.0329913293051891,50.9298768597565,0,1.61558252171269,1.74490615619323
"611","Q21_8","~1","",4.34012219432418,0.0222732571630033,194.857993267966,0,4.2964674124663,4.38377697618207
"612","Q21_9","~1","",3.33299387760682,0.0316192848559914,105.410160058546,0,3.27102121807217,3.39496653714148
"613","Q21_10","~1","",3.1761711089865,0.0324034186048335,98.0196302038551,0,3.11266157554505,3.23968064242795
"614","Q15_1","~1","",3.32281046353686,0.0385175275768734,86.2674909988755,0,3.24731749671266,3.39830343036106
"615","Q15_2","~1","",3.62016286418671,0.0308424663025489,117.375920222292,0,3.55971274103933,3.6806129873341
"616","Q15_4","~1","",4.09775959417917,0.0254504044115996,161.009606287888,0,4.04787771814045,4.14764147021788
"617","Q15_6","~1","",2.5498980718244,0.0352620847210366,72.3127430495676,0,2.48078565575137,2.61901048789744
"618","Q15_8","~1","",4.11710787079878,0.0259530857528121,158.636545573494,0,4.06624075743559,4.16797498416198
"619","Q28_1","~1","",2.93991849635437,0.0342536787014387,85.8278178521856,0,2.87278251976155,3.0070544729472
"620","Q28_2","~1","",2.47759672368307,0.0297764817753984,83.2064964011324,0,2.41923589181698,2.53595755554917
"621","Q28_3_r","~1","",3.28105903157995,0.026445769383826,124.067444737933,0,3.2292262760442,3.3328917871157
"622","Q28_4","~1","",1.48879833936395,0.0253025120154692,58.8399419968159,0,1.43920632709523,1.53839035163266
"623","Q28_8","~1","",2.57128306123306,0.0351952007579255,73.0577750903732,0,2.50230173531887,2.64026438714725
"624","Q28_9","~1","",3.30346230636579,0.0294360457147206,112.22507052684,0,3.24576871691767,3.36115589581392
"625","Q28_10","~1","",2.86761707507665,0.0331041886332952,86.6239951337303,0,2.80273405761797,2.93250009253533
"626","Q28_11","~1","",3.26985739529755,0.0297500143796223,109.911119825787,0,3.21154843857395,3.32816635202116
"627","RECODED_Q63_am_ind_ala","~1","",0.00305498981670061,0,NA,NA,0.00305498981670061,0.00305498981670061
"628","RECODED_Q63_asian","~1","",0.139511201629328,0,NA,NA,0.139511201629328,0.139511201629328
"629","RECODED_Q63_black","~1","",0.0213849287169043,0,NA,NA,0.0213849287169043,0.0213849287169043
"630","RECODED_Q63_hisp_lat","~1","",0.106924643584521,0,NA,NA,0.106924643584521,0.106924643584521
"631","RECODED_Q63_more_than_one_race","~1","",0.128309572301426,0,NA,NA,0.128309572301426,0.128309572301426
"632","RECODED_Q63_nat_haw_pac","~1","",0.00407331975560081,0,NA,NA,0.00407331975560081,0.00407331975560081
"633","RECODED_Q63_other","~1","",0.00916496945010183,0,NA,NA,0.00916496945010183,0.00916496945010183
"634","Q65_female","~1","",0.634419551934827,0,NA,NA,0.634419551934827,0.634419551934827
"635","Q65_nonbinary","~1","",0.0417515274949083,0,NA,NA,0.0417515274949083,0.0417515274949083
"636","Q65_other","~1","",0.00712830957230143,0,NA,NA,0.00712830957230143,0.00712830957230143
"637","Q68_inc_2","~1","",0.138492871690428,0,NA,NA,0.138492871690428,0.138492871690428
"638","Q68_inc_3","~1","",0.0723014256619145,0,NA,NA,0.0723014256619145,0.0723014256619145
"639","Q68_inc_4","~1","",0.0386965376782077,0,NA,NA,0.0386965376782077,0.0386965376782077
"640","Q68_inc_5","~1","",0.0203665987780041,0,NA,NA,0.0203665987780041,0.0203665987780041
"641","Q68_inc_6","~1","",0.0193482688391039,0,NA,NA,0.0193482688391039,0.0193482688391039
"642","Q11","~1","",0.809572301425662,0,NA,NA,0.809572301425662,0.809572301425662
"643","Q64","~1","",25.2973523421589,0,NA,NA,25.2973523421589,25.2973523421589
"644","Q66","~1","",0.275967413441955,0,NA,NA,0.275967413441955,0.275967413441955
"645","Q67","~1","",0.0936863543788187,0,NA,NA,0.0936863543788187,0.0936863543788187
"646","Q69","~1","",3.41649694501018,0,NA,NA,3.41649694501018,3.41649694501018
"647","Q70","~1","",0.108961303462322,0,NA,NA,0.108961303462322,0.108961303462322
"648","Q5","~1","",4.26883910386965,0,NA,NA,4.26883910386965,4.26883910386965
"649","Q7_4","~1","",7.91038696537678,0,NA,NA,7.91038696537678,7.91038696537678
"650","RECODED_Q6_activetransport","~1","",0.253564154786151,0,NA,NA,0.253564154786151,0.253564154786151
"651","RECODED_Q6_other","~1","",0.0295315682281059,0,NA,NA,0.0295315682281059,0.0295315682281059
"652","RECODED_Q6_publictransit","~1","",0.707739307535642,0,NA,NA,0.707739307535642,0.707739307535642
"653","Q13","~1","",1.12016293279022,0,NA,NA,1.12016293279022,1.12016293279022
"654","Q17","~1","",0.211812627291242,0,NA,NA,0.211812627291242,0.211812627291242
"655","Q23","~1","",0.0702647657841141,0,NA,NA,0.0702647657841141,0.0702647657841141
"656","Q30","~1","",1.23014256619145,0,NA,NA,1.23014256619145,1.23014256619145
"657","comf_saf","~1","",0,0,NA,NA,0,0
"658","ex_env","~1","",0,0,NA,NA,0,0
"659","MAX_attitude","~1","",0,0,NA,NA,0,0
"660","bike_attitude","~1","",0,0,NA,NA,0,0
"661","car_attitude","~1","",0,0,NA,NA,0,0
"662","escooter_attitude","~1","",0,0,NA,NA,0,0
